country_code,month_end_date,eligible_rows,payer_count,nonpayer_count,payer_market_cap,nonpayer_market_cap,payer_mb_value_weight,nonpayer_mb_value_weight,DIV_PREMIUM_VW,raw_value,min_group_count,dividend_premium_status
SWE,2000-05-31,3,0,3,0.0,3825.797769,,2.83493543696104,,,10,insufficient_payer_or_nonpayer_count
SWE,2000-06-30,4,0,4,0.0,48466.84802,,16.266519274478338,,,10,insufficient_payer_or_nonpayer_count
SWE,2000-07-31,8,0,8,0.0,50536.2444003,,16.30915733576857,,,10,insufficient_payer_or_nonpayer_count
SWE,2000-08-31,9,0,9,0.0,170951.5824566,,13.178623384719716,,,10,insufficient_payer_or_nonpayer_count
SWE,2000-09-30,207,0,207,0.0,1570701.1349310721,,6.4424125237049035,,,10,insufficient_payer_or_nonpayer_count
SWE,2000-10-31,207,0,207,0.0,1560022.2419072406,,5.994664770706115,,,10,insufficient_payer_or_nonpayer_count
SWE,2000-11-30,211,0,211,0.0,1452652.9770474315,,5.3420992395421365,,,10,insufficient_payer_or_nonpayer_count
SWE,2000-12-31,212,0,212,0.0,1417516.3613840796,,5.109071857409613,,,10,insufficient_payer_or_nonpayer_count
SWE,2001-01-31,213,0,213,0.0,1360024.7164097736,,5.200579116829934,,,10,insufficient_payer_or_nonpayer_count
SWE,2001-02-28,215,0,215,0.0,1443528.1597595084,,4.722773716956934,,,10,insufficient_payer_or_nonpayer_count
SWE,2001-03-31,218,0,218,0.0,1270482.4565079794,,4.018363904121065,,,10,insufficient_payer_or_nonpayer_count
SWE,2001-04-30,220,0,220,0.0,1415579.2162337292,,4.697175582601065,,,10,insufficient_payer_or_nonpayer_count
SWE,2001-05-31,231,0,231,0.0,1437966.3284516914,,4.48051538414452,,,10,insufficient_payer_or_nonpayer_count
SWE,2001-06-30,234,0,234,0.0,1412241.5752036683,,3.49225266601418,,,10,insufficient_payer_or_nonpayer_count
SWE,2001-07-31,235,0,235,0.0,1389898.5703511317,,3.440809703127514,,,10,insufficient_payer_or_nonpayer_count
SWE,2001-08-31,234,3,231,2333.380217,1212697.0465013406,1.3388108987794916,3.0211090414480486,,,10,insufficient_payer_or_nonpayer_count
SWE,2001-09-30,255,5,250,29394.303437,1072437.6910664793,6.3816894874791,2.6354491304436856,,,10,insufficient_payer_or_nonpayer_count
SWE,2001-10-31,253,7,246,36432.103899,1124150.341343872,6.689218567494257,2.770721675017088,,,10,insufficient_payer_or_nonpayer_count
SWE,2001-11-30,252,8,244,120203.50046303979,1194772.9047332755,10.145902136760455,2.5020341143536755,,,10,insufficient_payer_or_nonpayer_count
SWE,2001-12-31,254,119,135,1051410.1481872,281113.771224528,3.3864143191653926,2.551340295160806,0.2831528116152756,0.2831528116152756,10,ok
SWE,2002-01-31,254,119,135,1004232.1964650697,271184.52857936977,3.119259710917891,2.6546481421652524,0.1612835821061409,0.1612835821061409,10,ok
SWE,2002-02-28,251,119,132,1034548.6523288209,245165.58023494045,3.124835851438277,2.7586677672188533,0.12463388411036802,0.12463388411036802,10,ok
SWE,2002-03-31,252,119,133,1052919.3519523006,251837.17961070035,3.2536136690286006,2.8837336870851793,0.12068040315439865,0.12068040315439865,10,ok
SWE,2002-04-30,252,119,133,1001327.9014733012,222326.17845071066,3.231627081181695,2.5714684760576105,0.2285086235166517,0.2285086235166517,10,ok
SWE,2002-05-31,254,118,136,960149.0036111802,213603.33445386548,2.9107184243010176,2.517453101428356,0.14515221550477198,0.14515221550477198,10,ok
SWE,2002-06-30,258,123,135,1038649.0838460403,142032.6955339388,2.6343531579519146,2.4710019480056316,0.06401395565156476,0.06401395565156476,10,ok
SWE,2002-07-31,257,123,134,939400.1089171803,134270.0659801572,2.4656837290147697,2.0667319221579605,0.1765005657650508,0.1765005657650508,10,ok
SWE,2002-08-31,256,123,133,925608.3074971504,126931.66519497,2.406689869656802,2.0431584218945735,0.16375544873614012,0.16375544873614012,10,ok
SWE,2002-09-30,263,124,139,813005.816884061,129639.81324180998,2.194399578280518,1.6833224193120369,0.2651389974402467,0.2651389974402467,10,ok
SWE,2002-10-31,262,124,138,863710.9369953087,148133.218082304,2.230492447990511,1.7103664253201971,0.2655147584162042,0.2655147584162042,10,ok
SWE,2002-11-30,260,123,137,959948.8687846985,169430.489635584,2.4321250800624292,1.9348305840695585,0.228745624531824,0.228745624531824,10,ok
SWE,2002-12-31,264,134,130,889545.0305317491,126101.265593646,2.306771408559039,1.6048991440783285,0.36278797223831255,0.36278797223831255,10,ok
SWE,2003-01-31,262,133,129,957448.9375012431,120308.7627986192,2.3474701316114754,1.549403179134932,0.4154683974685282,0.4154683974685282,10,ok
SWE,2003-02-28,262,133,129,964883.3927651627,121157.4865874816,2.307971676662696,1.5967694655030558,0.3683865726736018,0.3683865726736018,10,ok
SWE,2003-03-31,261,132,129,949356.0078133591,121677.38116681919,2.232335132868304,1.611932468154573,0.3256144323798236,0.3256144323798236,10,ok
SWE,2003-04-30,260,131,129,1034030.7329739146,132659.33498632,2.3951135392389995,1.9987990209493383,0.18088412585101765,0.18088412585101765,10,ok
SWE,2003-05-31,259,132,127,1033601.3890363709,138786.3672043468,2.302746639817601,2.127410665147715,0.07919701162707338,0.07919701162707338,10,ok
SWE,2003-06-30,258,132,126,1061297.9110685957,146581.82827222598,2.166717770126507,1.9679233402615028,0.09623462941535121,0.09623462941535121,10,ok
SWE,2003-07-31,254,130,124,1093634.4574077472,151687.7417830952,2.2257182086633245,2.0474425261964484,0.0834881878256839,0.0834881878256839,10,ok
SWE,2003-08-31,253,130,123,1110234.652189761,165915.88850222438,2.2573910056627717,2.235675021678109,0.009666518564491855,0.009666518564491855,10,ok
SWE,2003-09-30,253,132,121,1085048.375443261,164519.604689344,2.2092601358307555,2.3052027183630672,-0.04251094049938531,-0.04251094049938531,10,ok
SWE,2003-10-31,250,132,118,1169744.4619943248,173232.0898088134,2.2968707866047766,2.3553249119430193,-0.0251310157925958,-0.0251310157925958,10,ok
SWE,2003-11-30,249,131,118,1197255.5818617926,177125.60571485315,2.4496504917871245,2.5351293728261584,-0.03429931241952755,-0.03429931241952755,10,ok
SWE,2003-12-31,253,131,122,1273279.7454229582,156262.15441041897,2.5785258087800096,2.623102505450428,-0.017139935910185033,-0.017139935910185033,10,ok
SWE,2004-01-31,253,131,122,1302398.4056254625,169487.42289105998,2.715245234231648,3.0086170343038394,-0.10259824114551397,-0.10259824114551397,10,ok
SWE,2004-02-29,253,131,122,1319102.7991714566,165085.467600626,2.901798265997738,3.073804461441869,-0.05758539609348756,-0.05758539609348756,10,ok
SWE,2004-03-31,252,130,122,1308232.695685768,159335.16776000598,2.902140141654329,2.874991163492984,0.009398844023043917,0.009398844023043917,10,ok
SWE,2004-04-30,249,128,121,1323014.113224935,159030.0878957675,2.852603949251547,2.928140818707294,-0.02613544521786504,-0.02613544521786504,10,ok
SWE,2004-05-31,250,129,121,1293712.6445407511,156695.28564919598,2.674466970849895,3.036904479355744,-0.12708863600723297,-0.12708863600723297,10,ok
SWE,2004-06-30,250,128,122,1339635.3121634212,152394.38341213,2.6137054506980792,2.7960162846904257,-0.06742672122966642,-0.06742672122966642,10,ok
SWE,2004-07-31,249,127,122,1317642.3186399497,147873.1187258875,2.564739221919767,2.692799718051069,-0.04872463416298889,-0.04872463416298889,10,ok
SWE,2004-08-31,248,126,122,1299420.253463917,145123.79929417121,2.6362885367483946,2.4781749723004065,0.06184967971653177,0.06184967971653177,10,ok
SWE,2004-09-30,248,126,122,1348015.7998212457,152891.656960558,2.7846389039488377,2.549569037658394,0.08819386745642999,0.08819386745642999,10,ok
SWE,2004-10-31,247,125,122,1366785.0645518177,148364.705667027,2.782924918952582,2.63748245209237,0.053677658177326615,0.053677658177326615,10,ok
SWE,2004-11-30,243,125,118,1455458.566735169,158056.35438727998,2.8871609695360227,2.5819643965546617,0.1117231525731639,0.1117231525731639,10,ok
SWE,2004-12-31,245,125,120,1506684.3032010887,154601.072832446,2.906735576204472,2.4409977528335536,0.1746237855637215,0.1746237855637215,10,ok
SWE,2005-01-31,245,125,120,1509902.2072618117,164601.63760800002,2.8948504177398124,2.573823673104224,0.1175408367555767,0.1175408367555767,10,ok
SWE,2005-02-28,244,125,119,1566545.0657713998,170295.62221455996,2.9757655777153604,2.9763297690269463,-0.00018957737751446047,-0.00018957737751446047,10,ok
SWE,2005-03-31,243,125,118,1572992.1892423583,170933.93039970237,2.9383965581608966,3.233062393122293,-0.09556575319698979,-0.09556575319698979,10,ok
SWE,2005-04-30,240,123,117,1513418.9699724922,163468.308407772,2.847482186974998,2.9806761434335236,-0.04571500790246241,-0.04571500790246241,10,ok
SWE,2005-05-31,239,123,116,1561885.7959626226,172883.70695642004,2.942251824069242,3.1736883914595557,-0.07571922720844726,-0.07571922720844726,10,ok
SWE,2005-06-30,240,96,144,1525183.7113681822,262838.14339657,2.83976151818305,3.4623658709682466,-0.19823205696016433,-0.19823205696016433,10,ok
SWE,2005-07-31,240,96,144,1594639.4728541034,278617.618133738,2.9129861846144918,3.811894000807938,-0.2689474433915495,-0.2689474433915495,10,ok
SWE,2005-08-31,240,96,144,1541799.2602923303,287859.75213087996,2.960095293818909,4.219181451010624,-0.3544196786031839,-0.3544196786031839,10,ok
SWE,2005-09-30,236,96,140,1633925.2236171302,300754.1671718536,3.1694057429113243,4.12125904589743,-0.26261460282978377,-0.26261460282978377,10,ok
SWE,2005-10-31,235,96,139,1629877.4343919994,297786.566644616,3.0796513882517442,3.9248330568765235,-0.2425074121029842,-0.2425074121029842,10,ok
SWE,2005-11-30,233,95,138,1679493.2794970712,312468.4116233904,3.071873647010414,4.116172453673368,-0.2926360315507488,-0.2926360315507488,10,ok
SWE,2005-12-31,231,94,137,1791370.1651368209,336038.4416037232,3.167710029786732,4.288697278893038,-0.3029740834695005,-0.3029740834695005,10,ok
SWE,2006-01-31,231,94,137,1780318.481290159,360264.98624475003,3.193775815696293,4.601745392518712,-0.3652318065549489,-0.3652318065549489,10,ok
SWE,2006-02-28,230,94,136,1874473.8223967517,364579.97326612,3.3365015064882098,4.483945380170553,-0.2955805192065022,-0.2955805192065022,10,ok
SWE,2006-03-31,230,94,136,1986617.919095407,389268.628995438,3.4137914395781186,4.705956993909986,-0.3210056189460615,-0.3210056189460615,10,ok
SWE,2006-04-30,230,93,137,1936590.5777011411,408662.91757642804,3.253315676496557,4.7030095287186455,-0.36852794461877547,-0.36852794461877547,10,ok
SWE,2006-05-31,159,62,97,1339534.5800749387,260628.3649551095,2.74283507177047,3.2866211191570613,-0.1808679383860674,-0.1808679383860674,10,ok
SWE,2006-06-30,158,61,97,1321355.4327371996,261999.33177077002,2.7122004782552187,3.1775523271758104,-0.15835090197269253,-0.15835090197269253,10,ok
SWE,2006-07-31,154,59,95,1264560.5965111,248344.51924522003,2.5506424263905667,3.1525997166121402,-0.21188215996140858,-0.21188215996140858,10,ok
SWE,2006-08-31,152,58,94,1286503.0514085256,254638.79694738402,2.8636802669442343,3.2745460814223315,-0.13407165415922528,-0.13407165415922528,10,ok
SWE,2006-09-30,162,65,97,1427126.91522807,297520.3697984148,2.993820680479741,3.666192399202374,-0.2026032388478647,-0.2026032388478647,10,ok
SWE,2006-10-31,197,87,110,1678154.99640764,313647.87319246406,3.369762428896787,3.7739012228189686,-0.11326702752690743,-0.11326702752690743,10,ok
SWE,2006-11-30,210,94,116,1905024.7543755395,327314.698097354,3.342709523824716,4.063411462010424,-0.19524116957676463,-0.19524116957676463,10,ok
SWE,2006-12-31,214,97,117,2089977.2036298302,341722.472584356,3.6184136653051526,4.467116618220087,-0.2107074328479297,-0.2107074328479297,10,ok
SWE,2007-01-31,213,97,116,2201272.9386222297,345005.45270549005,3.75193084447716,4.293946068456162,-0.13493554030142696,-0.13493554030142696,10,ok
SWE,2007-02-28,212,96,116,2152869.6340236696,333931.07140326005,3.6740880448827813,4.060511140964763,-0.10000391166072764,-0.10000391166072764,10,ok
SWE,2007-03-31,214,97,117,2268147.93953883,352532.90688377374,3.684109891057866,4.12167609069495,-0.11223095153766205,-0.11223095153766205,10,ok
SWE,2007-04-30,212,97,115,2419264.3076611804,353612.73685179005,3.8382433626799624,4.447764901156479,-0.1473868962970375,-0.1473868962970375,10,ok
SWE,2007-05-31,219,103,116,2442740.650972744,394973.56737062254,4.0469349670401815,4.919333487404531,-0.19521325494719877,-0.19521325494719877,10,ok
SWE,2007-06-30,222,105,117,2390737.1390675525,385608.8811828301,3.9422378152550754,4.64080574649504,-0.16313946793523226,-0.16313946793523226,10,ok
SWE,2007-07-31,223,105,118,2363344.311622901,376249.96161409,3.8727687759435994,4.38159840562691,-0.12344389339563322,-0.12344389339563322,10,ok
SWE,2007-08-31,224,109,115,2281214.7061756,391228.90154945,3.946322432432482,3.7731011565023573,0.04488686422014565,0.04488686422014565,10,ok
SWE,2007-09-30,226,114,112,2272454.0454145,369757.96191042,4.14285674546965,3.4769275210878843,0.17523657744521182,0.17523657744521182,10,ok
SWE,2007-10-31,233,119,114,2243637.2165179984,369573.93250487,4.186132230506564,3.539604532827857,0.1677622052598846,0.1677622052598846,10,ok
SWE,2007-11-30,236,124,112,2161953.47902485,308122.0962787,4.085938712293852,3.4080816717612645,0.18140192344572958,0.18140192344572958,10,ok
SWE,2007-12-31,256,130,126,2096202.3971006977,301519.2863141099,4.113115379758601,3.2744150951772286,0.22804148506810207,0.22804148506810207,10,ok
SWE,2008-01-31,260,131,129,1825340.6783468802,269869.47819402,3.641334062698796,3.12225419648401,0.15379487542727732,0.15379487542727732,10,ok
SWE,2008-02-29,260,140,120,1947982.4204453803,278570.73328221,3.649250311627069,3.1411061200150656,0.14994674701412491,0.14994674701412491,10,ok
SWE,2008-03-31,257,144,113,1942856.1524846596,213216.92726250002,3.34413596120504,3.2217757318153315,0.037275675590270785,0.037275675590270785,10,ok
SWE,2008-04-30,255,147,108,1890412.8569006,204712.68955588003,3.125800896820232,3.1564401270962517,-0.009754313180260876,-0.009754313180260876,10,ok
SWE,2008-05-31,258,151,107,1926577.1665510512,167123.99007682002,2.8622538005606946,9.810802333765663,-1.231874700925156,-1.231874700925156,10,ok
SWE,2008-06-30,275,164,111,1621321.899258949,152278.91831468,2.400838330670469,4.520494779112584,-0.6328034714514541,-0.6328034714514541,10,ok
SWE,2008-07-31,302,166,136,1596544.0391043993,156632.027993666,2.5898747461766343,4.338284850693088,-0.5158695603166036,-0.5158695603166036,10,ok
SWE,2008-08-31,301,170,131,1628063.6929201,133009.83989144,2.5818373577373923,4.5538870772244655,-0.5674798713068547,-0.5674798713068547,10,ok
SWE,2008-09-30,295,171,124,1442299.2485432401,88703.6302065724,2.2820173781330726,3.2094658656165587,-0.3410446595732374,-0.3410446595732374,10,ok
SWE,2008-10-31,300,174,126,1118588.2513279887,68151.74755153399,1.8976462539015626,2.5277887744292395,-0.28673061390260224,-0.28673061390260224,10,ok
SWE,2008-11-30,297,174,123,1078573.988655981,61304.860282673595,2.5579112230192647,2.38742232939521,0.06897673627945289,0.06897673627945289,10,ok
SWE,2008-12-31,295,174,121,1128990.7732473698,63155.698439859996,2.6654717602838365,2.4938138869705404,0.06656784253270442,0.06656784253270442,10,ok
SWE,2009-01-31,298,172,126,998182.2337470603,68960.88666932,3.3914472843771035,3.227355104642332,0.04959380909022948,0.04959380909022948,10,ok
SWE,2009-02-28,295,169,126,1037648.5874279302,62978.14624976081,3.5580734865717307,3.523336735672475,0.009810766056358444,0.009810766056358444,10,ok
SWE,2009-03-31,293,168,125,1093648.4758091704,73112.03039919,3.2425896176314466,3.596756107615923,-0.10366008276317773,-0.10366008276317773,10,ok
SWE,2009-04-30,292,166,126,1326634.2661191006,88832.05192763,2.3660139076814697,3.9708810660532254,-0.5177813573919722,-0.5177813573919722,10,ok
SWE,2009-05-31,301,174,127,1294897.7414418475,139557.178864539,2.189442242378123,5.407052631343199,-0.9040573167341116,-0.9040573167341116,10,ok
SWE,2009-06-30,295,173,122,1305335.6198820393,100392.86547864151,2.2663050797740127,5.056857983621958,-0.8025945514159658,-0.8025945514159658,10,ok
SWE,2009-07-31,294,173,121,1474230.6486329448,110571.65419857998,2.741766317331581,5.474122865246668,-0.6914297015372477,-0.6914297015372477,10,ok
SWE,2009-08-31,309,183,126,1694780.06284191,117891.6124617756,2.700071104628568,4.765350161761224,-0.5680929128988712,-0.5680929128988712,10,ok
SWE,2009-09-30,319,187,132,1704524.1903177802,139657.56177909,2.8012214289892126,3.8304816372898074,-0.3129350024459132,-0.3129350024459132,10,ok
SWE,2009-10-31,316,186,130,1757839.0694893047,143369.253522092,2.970983405844495,4.083102608139608,-0.3179641315094075,-0.3179641315094075,10,ok
SWE,2009-11-30,316,186,130,1770194.2903308673,148096.560259386,3.030670356234677,4.1742981910880586,-0.3201624114969961,-0.3201624114969961,10,ok
SWE,2009-12-31,315,187,128,1833962.099012338,154117.12474107498,3.0911390898324895,4.7412626149201795,-0.42776381422555043,-0.42776381422555043,10,ok
SWE,2010-01-31,315,185,130,1809333.7318165759,155143.00484853,3.1539479631072593,5.489037634145231,-0.5540979561216972,-0.5540979561216972,10,ok
SWE,2010-02-28,316,186,130,1793179.965574896,154033.24279045718,3.1855979512629706,4.679957941661677,-0.38464911186153894,-0.38464911186153894,10,ok
SWE,2010-03-31,324,187,137,1981857.4182290898,168986.33366128558,3.4373409393476098,5.462042549165436,-0.4631246233228088,-0.4631246233228088,10,ok
SWE,2010-04-30,325,187,138,2108761.1757703,180320.4453984312,3.5588939138379887,6.411088936833361,-0.5885793392185994,-0.5885793392185994,10,ok
SWE,2010-05-31,331,188,143,1936618.1033346471,174575.7970203685,3.2661212855542128,6.95043751211544,-0.7552014793104878,-0.7552014793104878,10,ok
SWE,2010-06-30,337,185,152,1947721.5228958197,171415.08607067898,3.3347393353279897,5.747742990786906,-0.5444127384189319,-0.5444127384189319,10,ok
SWE,2010-07-31,335,182,153,2060406.8287683078,183877.32956590678,3.5562541146401783,5.558981892638422,-0.446707202752068,-0.446707202752068,10,ok
SWE,2010-08-31,332,181,151,1963842.5174459093,180930.5056580325,3.728525484110719,5.002881506685036,-0.2940012048450067,-0.2940012048450067,10,ok
SWE,2010-09-30,334,181,153,2218051.96244335,204574.89400514401,3.787197141475755,6.142007079608084,-0.48352536968150184,-0.48352536968150184,10,ok
SWE,2010-10-31,334,177,157,2179277.4951618384,208123.419829242,3.1950905004556693,6.25004899800711,-0.6709738903191567,-0.6709738903191567,10,ok
SWE,2010-11-30,337,179,158,2274895.411308671,206823.21240896062,3.5707735304458863,6.70009341383093,-0.6293392211467579,-0.6293392211467579,10,ok
SWE,2010-12-31,337,181,156,2464099.5092140296,226517.84394069642,3.7498533035229573,8.00526233279629,-0.7583823968727004,-0.7583823968727004,10,ok
SWE,2011-01-31,336,180,156,2407041.6985427197,231924.815626182,3.5981624585991208,7.305225301610134,-0.7081665998542361,-0.7081665998542361,10,ok
SWE,2011-02-28,338,175,163,2346983.5855283495,240021.839391146,3.587494509517414,7.902978300119651,-0.789785637805011,-0.789785637805011,10,ok
SWE,2011-03-31,335,176,159,2392393.47804626,246649.6664457,3.69966090555415,9.259291380963761,-0.9173863526931909,-0.9173863526931909,10,ok
SWE,2011-04-30,335,179,156,2472971.0493567693,246823.8192167345,3.6477958394393215,8.243690821858305,-0.8153250533313383,-0.8153250533313383,10,ok
SWE,2011-05-31,333,183,150,2452686.03729607,120592.612508419,3.253507560407579,10.066234269161045,-1.1294530176686648,-1.1294530176686648,10,ok
SWE,2011-06-30,336,184,152,2239352.9471507096,118337.1073344,3.1643720109841325,8.736116603541545,-1.0155111472302032,-1.0155111472302032,10,ok
SWE,2011-07-31,345,187,158,2240606.17655744,111875.69566254222,3.1450075559008037,8.640762788772939,-1.0106745719949197,-1.0106745719949197,10,ok
SWE,2011-08-31,360,185,175,1997134.7900723103,103654.63058235,2.7090477866967175,9.26504974012327,-1.229652025403675,-1.229652025403675,10,ok
SWE,2011-09-30,372,187,185,1835135.3518938948,102832.6415970196,2.5127687334201534,14.27474091103464,-1.7371063792966894,-1.7371063792966894,10,ok
SWE,2011-10-31,370,185,185,2064273.9397677896,123358.00458494,2.742940082642073,21.90422115831328,-2.0776489972195864,-2.0776489972195864,10,ok
SWE,2011-11-30,369,186,183,2008674.8368802092,120074.88379123798,2.6878833496614467,16.808837689756814,-1.8331507760376669,-1.8331507760376669,10,ok
SWE,2011-12-31,370,188,182,2030145.6668412397,119329.14797345,2.717318769071261,22.728190494022357,-2.123960378510373,-2.123960378510373,10,ok
SWE,2012-01-31,369,189,180,2258415.26238985,120738.390724714,2.959562435269305,20.41033377956735,-1.9309998989288892,-1.9309998989288892,10,ok
SWE,2012-02-29,368,188,180,2403173.53692686,126385.0290024092,3.1474168464427033,21.368967042373637,-1.915357663687668,-1.915357663687668,10,ok
SWE,2012-03-31,372,190,182,2332474.385675259,125017.54478653797,3.030369169113566,18.600857049510065,-1.8145232074973403,-1.8145232074973403,10,ok
SWE,2012-04-30,369,189,180,2328946.3043049304,119951.96646892399,2.9397104454145144,18.241868918723046,-1.82540835350045,-1.82540835350045,10,ok
SWE,2012-05-31,370,194,176,2124751.0895157373,111507.03528658501,2.64210902678415,17.92463317568696,-1.9145984498691777,-1.9145984498691777,10,ok
SWE,2012-06-30,371,201,170,2132048.7872748678,106777.251269545,2.741719344802628,18.042681163902433,-1.8841549051588067,-1.8841549051588067,10,ok
SWE,2012-07-31,367,200,167,2236259.2478613025,112188.4485862,2.9796902182466862,20.2664315078858,-1.9171465555021068,-1.9171465555021068,10,ok
SWE,2012-08-31,366,200,166,2194141.30458898,114501.96523988499,2.8944280407043452,20.601153021100128,-1.9625595225991708,-1.9625595225991708,10,ok
SWE,2012-09-30,360,198,162,2302834.0897702044,121237.26623186999,2.953202831807806,16.895229852611347,-1.744141037747917,-1.744141037747917,10,ok
SWE,2012-10-31,352,194,158,2319799.4601849597,118417.4712527549,2.929099753376363,16.797748852238744,-1.74654975613007,-1.74654975613007,10,ok
SWE,2012-11-30,356,196,160,2427144.295304765,115788.15470997442,3.060020859137035,14.730219958438324,-1.5714794303947466,-1.5714794303947466,10,ok
SWE,2012-12-31,352,194,158,2479813.3681968795,115218.40189097602,3.126491563658871,13.935052090451011,-1.4944959293412852,-1.4944959293412852,10,ok
SWE,2013-01-31,350,193,157,2594793.706263705,129567.9449228,3.1873044616882646,16.531146669114854,-1.6460707151493423,-1.6460707151493423,10,ok
SWE,2013-02-28,352,193,159,2717527.23500474,131157.16122316,3.295503910173191,15.863652131013799,-1.5714713747468385,-1.5714713747468385,10,ok
SWE,2013-03-31,354,194,160,2692132.6570694097,136231.980035376,3.1403456555171925,16.01642329508164,-1.6292817765001468,-1.6292817765001468,10,ok
SWE,2013-04-30,360,198,162,2747871.541356642,135497.25062337998,3.099407983781092,18.126589523623167,-1.7661687744709786,-1.7661687744709786,10,ok
SWE,2013-05-31,366,197,169,2806591.780341441,131761.3285387,3.12084870759701,12.634821706895794,-1.3983516431956744,-1.3983516431956744,10,ok
SWE,2013-06-30,366,196,170,2639760.208305029,127735.09267238,3.095789096497952,16.51923228031482,-1.674482462756133,-1.674482462756133,10,ok
SWE,2013-07-31,369,196,173,2838237.9865398086,140379.0384830124,3.4478056407605875,16.910383811491137,-1.5901898774379217,-1.5901898774379217,10,ok
SWE,2013-08-31,366,195,171,2792733.6731790425,145466.5721487916,3.40360730329107,15.253840767893942,-1.4999954842302357,-1.4999954842302357,10,ok
SWE,2013-09-30,361,195,166,2859503.0640033404,158607.6628783352,3.529269839394799,15.833778508478806,-1.5010545331163268,-1.5010545331163268,10,ok
SWE,2013-10-31,360,197,163,2945551.3843558184,158104.822960673,3.4688489107168445,14.431219454317317,-1.4255710645765345,-1.4255710645765345,10,ok
SWE,2013-11-30,365,197,168,3015115.3612237284,166573.86291507998,3.53266820869982,14.162970953434398,-1.3885774274443317,-1.3885774274443317,10,ok
SWE,2013-12-31,370,197,173,3092988.7589692934,163380.14040143002,3.5897226149990664,12.648925006137564,-1.2594972983125323,-1.2594972983125323,10,ok
SWE,2014-01-31,370,196,174,3066208.3139375765,166012.32415574,3.5365005795622597,12.805350310343417,-1.2867253752123398,-1.2867253752123398,10,ok
SWE,2014-02-28,374,196,178,3268898.6970959366,179820.29633625995,3.6927438544161366,14.1260409123029,-1.3416501935161307,-1.3416501935161307,10,ok
SWE,2014-03-31,377,196,181,3252236.604856356,169981.61486219004,3.462963673928505,14.826152332769059,-1.4542678952904045,-1.4542678952904045,10,ok
SWE,2014-04-30,375,197,178,3282443.031787925,171605.91982102,3.305107087899547,15.059139204510867,-1.5165161884394198,-1.5165161884394198,10,ok
SWE,2014-05-31,381,199,182,3348338.107420165,185603.71040354,3.364646381739733,13.587085129355284,-1.3957968482985617,-1.3957968482985617,10,ok
SWE,2014-06-30,377,200,177,3295669.136911449,189558.04120046098,3.486570074121396,13.06214326941749,-1.3207997536557847,-1.3207997536557847,10,ok
SWE,2014-07-31,377,198,179,3200394.4704992203,197227.442969098,3.5539333217435685,11.87880463460147,-1.2067007208002303,-1.2067007208002303,10,ok
SWE,2014-08-31,376,196,180,3198186.3360462496,188701.28754848198,3.6369926152172747,13.335319204799761,-1.2992589591724228,-1.2992589591724228,10,ok
SWE,2014-09-30,371,194,177,3211226.8421230293,171811.620486834,3.551810786081473,12.32857116138763,-1.2444618733353763,-1.2444618733353763,10,ok
SWE,2014-10-31,369,193,176,3279615.3169527575,166066.870026507,3.522994342566278,9.822199163996821,-1.0253337512467882,-1.0253337512467882,10,ok
SWE,2014-11-30,373,194,179,3376766.031950359,189164.887729467,3.5226155464962696,8.584844562164792,-0.8907946217741416,-0.8907946217741416,10,ok
SWE,2014-12-31,373,195,178,3444914.7002673955,171442.45363119,3.584777027098984,8.6703512175016,-0.8832130234376185,-0.8832130234376185,10,ok
SWE,2015-01-31,373,196,177,3647046.735084064,178491.489731685,3.8735311047160024,9.640315842413267,-0.9117873506320495,-0.9117873506320495,10,ok
SWE,2015-02-28,377,196,181,3936029.1459733006,210980.6976934708,4.315264949220077,10.88231117678791,-0.9249799186506942,-0.9249799186506942,10,ok
SWE,2015-03-31,379,199,180,4024802.462110068,204529.9966531963,4.473504855749694,10.871721690744861,-0.8879928923513374,-0.8879928923513374,10,ok
SWE,2015-04-30,396,209,187,4007949.460561812,233817.09994882118,4.468330592830779,11.571502455675098,-0.9515305209519564,-0.9515305209519564,10,ok
SWE,2015-05-31,401,218,183,3981078.1712016994,229595.02075794688,4.332748185108013,12.5963454753641,-1.0672047047798072,-1.0672047047798072,10,ok
SWE,2015-06-30,439,226,213,3732601.2285455056,212102.9831465048,4.18302477052044,12.97778355337304,-1.132204323940791,-1.132204323940791,10,ok
SWE,2015-07-31,444,226,218,3918729.9587413073,234096.22547230712,4.675713408133912,15.172817569466861,-1.1771237573360611,-1.1771237573360611,10,ok
SWE,2015-08-31,442,225,217,3670474.465959966,226734.4622304114,4.67500933765971,15.31649722547471,-1.186699337436359,-1.186699337436359,10,ok
SWE,2015-09-30,444,226,218,3496070.042040028,232191.02212301097,5.117822575939634,22.026745976973917,-1.4595283707294402,-1.4595283707294402,10,ok
SWE,2015-10-31,442,225,217,3732251.4352944144,264198.6639527266,5.418304143843184,27.044961726119464,-1.6077178522280233,-1.6077178522280233,10,ok
SWE,2015-11-30,442,226,216,3920065.767578791,301903.68644426006,6.0024128255080855,27.891268552954013,-1.5361521587783138,-1.5361521587783138,10,ok
SWE,2015-12-31,449,225,224,3756777.48425742,306451.3670946144,6.782365622237954,31.433484397843646,-1.5335477538984157,-1.5335477538984157,10,ok
SWE,2016-01-31,455,225,230,3558422.31420098,308031.485445454,6.465791991217132,26.86830615057952,-1.424421872794368,-1.424421872794368,10,ok
SWE,2016-02-29,456,225,231,3622230.1902644676,315030.8739780348,5.06251103897634,18.494768897141793,-1.2956253168140013,-1.2956253168140013,10,ok
SWE,2016-03-31,457,223,234,3671536.4786214973,331075.9862379552,6.562315366466344,29.911563547239968,-1.5169016534538386,-1.5169016534538386,10,ok
SWE,2016-04-30,469,232,237,3662162.3930319976,273972.6706590636,6.490430535765583,11.317719853611626,-0.5560407592803192,-0.5560407592803192,10,ok
SWE,2016-05-31,474,243,231,3823883.814925383,271330.354368869,4.61335230703675,9.42744523486515,-0.7146703667400465,-0.7146703667400465,10,ok
SWE,2016-06-30,481,247,234,3722887.1263219053,254708.819531904,4.465666828049304,6.930520079714204,-0.43951630919842,-0.43951630919842,10,ok
SWE,2016-07-31,493,251,242,3793427.6779928347,285842.466298918,4.053782759424694,7.378422999073667,-0.5989094701450266,-0.5989094701450266,10,ok
SWE,2016-08-31,498,250,248,3939169.4721767567,349955.02102050313,4.149369706284407,14.395059417895887,-1.2439286070273936,-1.2439286070273936,10,ok
SWE,2016-09-30,510,253,257,3942275.8499279525,358045.536700967,4.3374250452136005,14.554281045697318,-1.2106043158039248,-1.2106043158039248,10,ok
SWE,2016-10-31,527,253,274,3707756.9792247145,365024.23897814954,4.1157306465304675,27.651071649270268,-1.9048481096360372,-1.9048481096360372,10,ok
SWE,2016-11-30,529,254,275,3750083.5223712083,356768.060486836,4.322786983832823,30.39623803661537,-1.9504185225668296,-1.9504185225668296,10,ok
SWE,2016-12-31,540,257,283,3935797.3037320343,370895.12040666485,4.3646615564776035,35.91073207643836,-2.107495543911317,-2.107495543911317,10,ok
SWE,2017-01-31,548,256,292,3983010.1480404665,374633.831646389,4.4840668444619185,30.674249183935977,-1.92289310138861,-1.92289310138861,10,ok
SWE,2017-02-28,552,257,295,4174974.766006919,383604.9991379836,4.629873315616464,26.688775238784388,-1.7517135678843931,-1.7517135678843931,10,ok
SWE,2017-03-31,561,258,303,4258832.202157044,379564.12575082,4.4331486982463995,23.273726115338185,-1.6582149910983874,-1.6582149910983874,10,ok
SWE,2017-04-30,565,262,303,4422936.880720789,313037.395542193,4.235718219563495,7.796488396848443,-0.6101205216689962,-0.6101205216689962,10,ok
SWE,2017-05-31,575,273,302,4541319.498988112,279473.1373646895,4.347897961824857,7.315156457321783,-0.5202559216620719,-0.5202559216620719,10,ok
SWE,2017-06-30,590,275,315,4254143.785083632,423489.85015549755,4.302244119640121,5.794381778885382,-0.29775201443478894,-0.29775201443478894,10,ok
SWE,2017-07-31,593,275,318,4034215.768136772,434359.6641908444,4.447303215338758,5.666279590168206,-0.24223485198826067,-0.24223485198826067,10,ok
SWE,2017-08-31,603,277,326,4011909.67581456,424757.6525198766,4.46731222274822,5.240161243200074,-0.15956533413597174,-0.15956533413597174,10,ok
SWE,2017-09-30,612,276,336,4215604.53262823,436223.5472169885,4.784941593528518,5.991853997343443,-0.2249270609823284,-0.2249270609823284,10,ok
SWE,2017-10-31,612,277,335,4366238.623628137,453084.70116978604,4.727117479988251,5.573853275667998,-0.16477100125378796,-0.16477100125378796,10,ok
SWE,2017-11-30,611,278,333,4211506.470438461,437517.31016588793,4.559748171367309,5.914781968066254,-0.26018723947599676,-0.26018723947599676,10,ok
SWE,2017-12-31,619,278,341,4191678.240539208,441379.293022488,4.650532505578428,6.266257973647773,-0.2981976316986241,-0.2981976316986241,10,ok
SWE,2018-01-31,616,277,339,4285496.260087008,458648.10197509936,5.373111247785497,8.062436748788125,-0.4058087204806362,-0.4058087204806362,10,ok
SWE,2018-02-28,614,277,337,4262973.740193754,434917.33038166096,5.636770580879113,7.486976032962763,-0.2838536726159637,-0.2838536726159637,10,ok
SWE,2018-03-31,626,278,348,4164561.9268283267,440605.60901971115,5.134944799723342,7.504929130778649,-0.379490928594324,-0.379490928594324,10,ok
SWE,2018-04-30,639,280,359,4404977.764386054,427268.9399010077,5.125340240742915,7.3059678497461595,-0.35449461657741943,-0.35449461657741943,10,ok
SWE,2018-05-31,637,278,359,4485928.417572275,303391.8830396384,4.910683911115131,7.950461500663324,-0.48181675583991,-0.48181675583991,10,ok
SWE,2018-06-30,646,279,367,4523470.545019787,303671.1748904482,4.797757342821093,7.381984261850261,-0.4308938841558352,-0.4308938841558352,10,ok
SWE,2018-07-31,648,283,365,4687958.26087529,327485.531403758,5.388031786000172,7.782609047004423,-0.36771147712058827,-0.36771147712058827,10,ok
SWE,2018-08-31,653,283,370,4811480.681363074,354239.3127250314,5.3570164654952315,8.041478028897375,-0.4062057102001937,-0.4062057102001937,10,ok
SWE,2018-09-30,659,285,374,4803685.949959139,351017.30111766,5.128505625690475,8.04983641593437,-0.4508374545107612,-0.4508374545107612,10,ok
SWE,2018-10-31,656,284,372,4523596.595278468,302826.94497784635,4.639472296578166,7.616133254253121,-0.49566816337060016,-0.49566816337060016,10,ok
SWE,2018-11-30,654,285,369,4429361.353649861,306690.2690660886,4.227698092316184,6.520276247526505,-0.4332590855720806,-0.4332590855720806,10,ok
SWE,2018-12-31,651,281,370,4174661.9153900235,292317.3726768049,3.9373754208660543,6.975120369883363,-0.5718352203833774,-0.5718352203833774,10,ok
SWE,2019-01-31,646,281,365,4454554.133632928,326641.98548483825,4.238151001397063,7.438018798532872,-0.5624774333084384,-0.5624774333084384,10,ok
SWE,2019-02-28,651,282,369,4698294.336092582,337115.7768146602,4.601039858327157,8.049080607329499,-0.5592755405320715,-0.5592755405320715,10,ok
SWE,2019-03-31,653,283,370,4584107.643941081,351136.3339808186,4.485877176413967,7.979906155478168,-0.5759925950145361,-0.5759925950145361,10,ok
SWE,2019-04-30,654,280,374,4817969.410645789,356078.05785385467,4.616743765000676,6.911191528787726,-0.4034524145135001,-0.4034524145135001,10,ok
SWE,2019-05-31,653,279,374,4518230.8175167525,357890.52787637676,4.210364213569821,6.5925000546518095,-0.44838349204614514,-0.44838349204614514,10,ok
SWE,2019-06-30,644,277,367,4693488.466332981,380215.4104625198,4.602636679653833,6.546728077035887,-0.35233606410404716,-0.35233606410404716,10,ok
SWE,2019-07-31,647,276,371,4785268.7480633715,392974.37087256485,4.6422816845580375,7.506461430610444,-0.4805581859906398,-0.4805581859906398,10,ok
SWE,2019-08-31,648,278,370,4718465.686572479,397548.1951382741,4.4887545601641285,7.164589249233547,-0.46757544977725063,-0.46757544977725063,10,ok
SWE,2019-09-30,650,278,372,4874776.149211647,406340.1101203116,4.50929541513412,6.2256462199327895,-0.3225363333269604,-0.3225363333269604,10,ok
SWE,2019-10-31,650,278,372,4983879.661346346,406042.13219605194,4.568890835520975,6.153947085598742,-0.2978232086145691,-0.2978232086145691,10,ok
SWE,2019-11-30,648,278,370,5038607.932205893,428890.1429954276,4.635468632752203,5.9559502753969245,-0.2506534648328649,-0.2506534648328649,10,ok
SWE,2019-12-31,651,280,371,5248057.626102343,450839.5160396938,4.688580718469737,6.3320326188998095,-0.30049137544586024,-0.30049137544586024,10,ok
SWE,2020-01-31,652,280,372,5263552.405900376,480126.5437834936,4.764755592190999,6.46276779532192,-0.30481143383291354,-0.30481143383291354,10,ok
SWE,2020-02-29,648,277,371,4961871.695361428,573732.6485090308,4.753026124398104,16.636169290271354,-1.2527977039506277,-1.2527977039506277,10,ok
SWE,2020-03-31,648,276,372,4200182.416285126,512048.2243580603,4.19203741641682,15.228611732523472,-1.2899891366230483,-1.2899891366230483,10,ok
SWE,2020-04-30,648,274,374,4621033.975723845,612227.9784305776,5.220065952228931,21.647732153802114,-1.4223906622186946,-1.4223906622186946,10,ok
SWE,2020-05-31,643,267,376,4648097.30784325,854826.2647205784,6.253744850842752,19.08676019642714,-1.115814450807929,-1.115814450807929,10,ok
SWE,2020-06-30,643,268,375,4695803.979066273,918701.5668385283,5.974675055271586,17.533436462912963,-1.076580000689701,-1.076580000689701,10,ok
SWE,2020-07-31,644,269,375,4913377.449551603,977717.3851491583,6.8071575677009735,23.0871478303177,-1.2213014496241386,-1.2213014496241386,10,ok
SWE,2020-08-31,646,271,375,5217554.979531361,847778.5982695417,9.906312163436423,6.873565975406253,0.3654891098310362,0.3654891098310362,10,ok
SWE,2020-09-30,653,272,381,5355313.595184628,894445.1861628153,8.051565360372786,6.90389417961853,0.15378090096935892,0.15378090096935892,10,ok
SWE,2020-10-31,652,272,380,4962765.961272173,855354.1764905562,7.340771904679324,6.257279893263786,0.1596984323851245,0.1596984323851245,10,ok
SWE,2020-11-30,654,273,381,5536389.180423406,935250.0911350248,8.066181097606286,7.094359526631122,0.1283801127217572,0.1283801127217572,10,ok
SWE,2020-12-31,660,274,386,5682534.539292004,999999.5687682608,9.796027368002589,8.194278619702422,0.17854075144041825,0.17854075144041825,10,ok
SWE,2021-01-31,671,271,400,5822776.525472066,1002429.2121073257,9.449847289549332,8.266280075126252,0.1338139832354206,0.1338139832354206,10,ok
SWE,2021-02-28,681,271,410,6122825.558379343,1071093.5156421033,10.593569413644955,9.01581434385867,0.16126697326278938,0.16126697326278938,10,ok
SWE,2021-03-31,683,272,411,6721430.6860646065,1112653.738141743,13.751963254585046,8.711951295009484,0.45648580102043645,0.45648580102043645,10,ok
SWE,2021-04-30,684,267,417,6789063.366717583,1228389.3450395484,14.505609261410315,7.409557690181207,0.6717646736428491,0.6717646736428491,10,ok
SWE,2021-05-31,686,259,427,6846726.96265428,1269591.7742111147,13.274143370773034,6.333390042823975,0.7399823909489176,0.7399823909489176,10,ok
SWE,2021-06-30,684,261,423,6841421.155908446,1265045.488995861,13.767199368696765,6.485373648132087,0.7527394722133742,0.7527394722133742,10,ok
SWE,2021-07-31,680,260,420,7450205.460276294,1343385.63165426,14.491778469479748,6.326597674033407,0.8288188871136661,0.8288188871136661,10,ok
SWE,2021-08-31,679,259,420,7364220.931303792,1371796.022566535,15.307098540912685,6.62299340102098,0.8377692345968037,0.8377692345968037,10,ok
SWE,2021-09-30,676,258,418,7008871.799183036,1303875.856985576,13.699704208685842,6.001058290021771,0.8254384066491938,0.8254384066491938,10,ok
SWE,2021-10-31,674,261,413,7290657.367785269,1306935.3251409763,14.853643376373068,6.57416288281967,0.8150979286109556,0.8150979286109556,10,ok
SWE,2021-11-30,681,268,413,7398812.750789427,1308172.4815327325,10.745323888177358,6.017680569941076,0.5797687750997553,0.5797687750997553,10,ok
SWE,2021-12-31,711,272,439,8009769.469369355,1406990.4199116826,18.0875321887028,7.721223843754926,0.8512499911103095,0.8512499911103095,10,ok
SWE,2022-01-31,814,290,524,7483173.003057256,1334824.7819453026,12.517509245960564,7.453543874850275,0.5184387966772239,0.5184387966772239,10,ok
SWE,2022-02-28,825,290,535,6860530.012848615,1252844.9586773661,11.465264159234858,7.015448811050566,0.49120726626104405,0.49120726626104405,10,ok
SWE,2022-03-31,832,289,543,6733274.596958362,1236241.5142635694,10.829703434871544,6.891833259220047,0.45195555197729465,0.45195555197729465,10,ok
SWE,2022-04-30,846,294,552,6724388.819749696,1125712.9400598211,9.161096650443127,6.162139506868609,0.39654185339754755,0.39654185339754755,10,ok
SWE,2022-05-31,851,296,555,6569886.061210278,1126918.2608721585,9.97676969943066,5.382140075779178,0.617173281835927,0.617173281835927,10,ok
SWE,2022-06-30,854,301,553,5775213.184683749,978229.3388433415,9.273402286824759,5.083356467068932,0.6011785682006288,0.6011785682006288,10,ok
SWE,2022-07-31,852,299,553,6475568.290674315,1082239.2942829423,9.349279905613809,5.450805497625629,0.5395359294087634,0.5395359294087634,10,ok
SWE,2022-08-31,851,300,551,5868576.494242633,988169.9146972254,7.976322266955005,4.708178219735198,0.5271763930857254,0.5271763930857254,10,ok
SWE,2022-09-30,851,300,551,5488132.953349363,901636.7275363004,7.595660680514863,4.430833929133309,0.5389893089456028,0.5389893089456028,10,ok
SWE,2022-10-31,852,299,553,5737342.454184306,912497.7368391878,6.83333141990163,4.700772671857087,0.374085423990254,0.374085423990254,10,ok
SWE,2022-11-30,852,299,553,6070342.869055953,943200.5460837699,6.6854259672211995,4.978531163688133,0.2947950278969158,0.2947950278969158,10,ok
SWE,2022-12-31,854,300,554,5965774.0828299085,931030.261072105,6.560281341941824,4.528294554510796,0.37068809895112786,0.37068809895112786,10,ok
SWE,2023-01-31,858,300,558,6454102.695207013,1011357.4216643682,7.0935912265324985,4.863683692223354,0.3773956201007851,0.3773956201007851,10,ok
SWE,2023-02-28,855,298,557,6615079.225948175,1009628.3800206243,7.5711521214249995,4.684505605648614,0.4800848685196548,0.4800848685196548,10,ok
SWE,2023-03-31,904,307,597,6413981.398902309,918802.9743188673,7.1230897588856426,4.1182435650089575,0.5479148329033596,0.5479148329033596,10,ok
SWE,2023-04-30,907,306,601,6618005.001600127,725064.8154280641,6.899140466599557,4.7897705502513395,0.36491432533663226,0.36491432533663226,10,ok
SWE,2023-05-31,915,306,609,6036334.91259208,753133.490847715,6.649674825910859,4.083072735999543,0.48771812858208463,0.48771812858208463,10,ok
SWE,2023-06-30,908,301,607,6300187.45428384,752750.768985095,6.623399971489227,3.7678952527152347,0.5640922718111983,0.5640922718111983,10,ok
SWE,2023-07-31,903,303,600,6445869.212823086,830096.1172869357,7.059300900020745,3.990069275072656,0.5705374310174831,0.5705374310174831,10,ok
SWE,2023-08-31,899,303,596,6297811.057197132,771756.5115397836,5.9442823307524115,3.8857595066464463,0.4251113428128428,0.4251113428128428,10,ok
SWE,2023-09-30,895,299,596,6192484.991374571,741051.1322670837,5.736147061271509,3.524336352444811,0.48709559153619697,0.48709559153619697,10,ok
SWE,2023-10-31,897,298,599,5918012.037919392,686446.6528834915,5.791123141054298,3.4856009165082993,0.507685793467632,0.507685793467632,10,ok
SWE,2023-11-30,897,301,596,6367018.924167979,759638.258201668,6.378425146271206,3.584257004877148,0.5763700231170714,0.5763700231170714,10,ok
SWE,2023-12-31,894,301,593,6874654.477063984,836820.652187444,7.1441885462547745,4.129521790773259,0.5481376243689944,0.5481376243689944,10,ok
SWE,2024-01-31,894,301,593,6666181.3662279565,819839.3667418398,7.262618235629109,4.251836813526779,0.5353893213520908,0.5353893213520908,10,ok
SWE,2024-02-29,891,298,593,6947626.334290326,826703.8080221266,7.33085775122492,4.043730119255493,0.594924965476914,0.594924965476914,10,ok
SWE,2024-03-31,886,298,588,7194061.414159462,878874.1741009209,7.281433000511895,4.32208544840632,0.5215896551077539,0.5215896551077539,10,ok
SWE,2024-04-30,883,293,590,7153079.689680599,862980.5442770461,7.80174960290774,4.110365022753314,0.6408361787209003,0.6408361787209003,10,ok
SWE,2024-05-31,873,295,578,7358062.78818569,902618.8627918774,8.670644451585344,4.834265989005745,0.5842138138534301,0.5842138138534301,10,ok
SWE,2024-06-30,861,296,565,7159278.6719145905,881248.3991893945,7.861363234696533,5.068872361620739,0.43884165194709457,0.43884165194709457,10,ok
SWE,2024-07-31,854,295,559,7312017.8699196875,917581.6058824519,7.60284793664411,5.059776509446241,0.40720059137459086,0.40720059137459086,10,ok
SWE,2024-08-31,856,296,560,7372573.016708918,930125.27634581,8.182359832238877,5.378672158838928,0.41953906397253893,0.41953906397253893,10,ok
SWE,2024-09-30,847,296,551,7522662.485766172,937608.9446525408,8.168238737595722,5.4815789604471865,0.3988601179117359,0.3988601179117359,10,ok
SWE,2024-10-31,844,295,549,7244161.099603429,910472.0690356244,7.786730539682713,5.41415469036269,0.3634043090573944,0.3634043090573944,10,ok
SWE,2024-11-30,833,293,540,7195371.997806327,878781.3369209792,7.620728171045562,4.951527574916989,0.4311757956711699,0.4311757956711699,10,ok
SWE,2024-12-31,829,292,537,7190866.828702278,882202.9653990779,7.372085979558197,5.019041736196844,0.38446167645085216,0.38446167645085216,10,ok
SWE,2025-01-31,824,291,533,7613881.376391174,898429.8627934717,7.963436652231827,5.018395833531091,0.4617503193518766,0.4617503193518766,10,ok
SWE,2025-02-28,824,291,533,7833360.669987169,876605.6889976028,7.792647902137955,5.360720453798155,0.374082333469721,0.374082333469721,10,ok
SWE,2025-03-31,822,288,534,7159017.5100686075,788950.9022315214,6.793742990234622,4.793104286827526,0.3488237619968284,0.3488237619968284,10,ok
SWE,2025-04-30,824,292,532,7306936.367007149,838192.4669388284,6.4973011065795765,4.689351072780208,0.32609266743160603,0.32609266743160603,10,ok
SWE,2025-05-31,834,290,544,7465889.661564835,929531.5766203473,6.534934429787053,5.216459799589454,0.22534334082738505,0.22534334082738505,10,ok
SWE,2025-06-30,833,296,537,7443139.707572212,945965.4203207884,6.834513663114985,5.189959702545894,0.2752593810418682,0.2752593810418682,10,ok
SWE,2025-07-31,830,298,532,7722471.336547421,939499.9884659136,8.070278843501775,5.046496686569584,0.46949375766635515,0.46949375766635515,10,ok
SWE,2025-08-31,822,293,529,7629101.258217642,934578.3728407418,7.8163171364136055,4.8628845831533996,0.47458169173247233,0.47458169173247233,10,ok
SWE,2025-09-30,817,293,524,7749399.441928873,920537.195032707,7.53341970466655,4.493359442438937,0.5167484553346482,0.5167484553346482,10,ok
SWE,2025-10-31,809,287,522,7826955.426238393,1015475.6381564372,7.672315612462957,4.054131231549159,0.637882056573795,0.637882056573795,10,ok
SWE,2025-11-30,802,287,515,7613781.571977485,1000882.9062182709,7.370861397826645,3.9635925372164285,0.6203837579455123,0.6203837579455123,10,ok
SWE,2025-12-31,795,285,510,7715111.925882011,993561.1526813115,7.582752117966973,3.851952726617644,0.6772959885717436,0.6772959885717436,10,ok
