country_code,month_end_date,UNEMP,dCPI,dCONS,dIND,TBILL,TERM,VWRETD,MKTVOL,PCTZERO
SWE,1980-02-29,,0.015037877364540542,,,,,,,
SWE,1980-03-31,,0.005193018421078666,,,,,,,
SWE,1980-04-30,,0.006539345278985476,,,,,,,
SWE,1980-05-31,,0.003424660881364172,,,,,,,
SWE,1980-06-30,,0.002390303340585209,,,,,,,
SWE,1980-07-31,,0.008490456845934968,,,,,,,
SWE,1980-08-31,,0.00573260716762336,,,,,,,
SWE,1980-09-30,,0.027853259468907154,,,,,,,
SWE,1980-10-31,,0.0142859572474765,,,,,,,
SWE,1980-11-30,,0.0061063985342952876,,,,,,,
SWE,1980-12-31,,0.004156680645186928,,,,,,,
SWE,1981-01-31,,0.018337535653733195,,,,,,,
SWE,1981-02-28,,0.018929967903651868,,,,,,,
SWE,1981-03-31,,0.005518101065032699,,,,,,,
SWE,1981-04-30,,0.005791816221033308,,,,,,,
SWE,1981-05-31,,0.006060624611691434,,,,,,,
SWE,1981-06-30,,0.0036188218021315777,,,,,,,
SWE,1981-07-31,,0.009288456292988023,,,,,,,
SWE,1981-08-31,,0.007428350901517167,,,,,,,
SWE,1981-09-30,,0.007079675588061551,,,,,,,
SWE,1981-10-31,,0.0067379777405185415,,,,,,,
SWE,1981-11-30,,0.003788435246469213,,,,,,,
SWE,1981-12-31,,-0.005249355886143725,,,,,,,
SWE,1982-01-31,,0.021692824611259542,,,,,,,
SWE,1982-02-28,,0.014204784298317286,,,,,,,
SWE,1982-03-31,,0.002535569748368438,,,,,,,
SWE,1982-04-30,,0.006450730544421468,,,,,,,
SWE,1982-05-31,,0.00446304785450069,,,,,,,
SWE,1982-06-30,,0.0033342626055308244,,,,,,,
SWE,1982-07-31,,0.006910877539846982,,,,,,,
SWE,1982-08-31,,0.0024762703532634767,,,,,,,
SWE,1982-09-30,,0.005480967407046844,,,,,,,
SWE,1982-10-31,,0.0138419905822742,,,,,,,
SWE,1982-11-30,,0.0077863193756329,,,,,,,
SWE,1982-12-31,,0.002937643987342753,,,,,,,
SWE,1983-01-31,,0.021891946416098484,,,,,,,
SWE,1983-02-28,,0.0002608582250349656,,,,,,,
SWE,1983-03-31,,0.0036448881800068555,,,,,,,
SWE,1983-04-30,,0.008023855654370138,,,,,,,
SWE,1983-05-31,,0.006168099740647914,,,,,,,
SWE,1983-06-30,,0.0053660535046389235,,,,,,,
SWE,1983-07-31,,0.008121872057349044,,,,,,,
SWE,1983-08-31,,0.0050428750338618045,,,,,,,
SWE,1983-09-30,,0.007267291725995051,,,,,,,
SWE,1983-10-31,,0.008205939370323101,,,,,,,
SWE,1983-11-30,,0.00592594326754714,,,,,,,
SWE,1983-12-31,,0.008091254146839866,,,,,,,
SWE,1984-01-31,,0.013823428558554784,,,,,,,
SWE,1984-02-29,,-0.004102817387932944,,,,,,,
SWE,1984-03-31,,0.014167604004073464,,,,,,,
SWE,1984-04-30,,0.006417134320633622,,,,,,,
SWE,1984-05-31,,0.007082182576291451,,,,,,,
SWE,1984-06-30,,-0.0023551588841996818,,,,,,,
SWE,1984-07-31,,0.0025903699872480423,,,,,,,
SWE,1984-08-31,,0.007497692105800979,,,,,,,
SWE,1984-09-30,,0.006514681021193347,,,,,,,
SWE,1984-10-31,,0.004627495532048442,,,,,,,
SWE,1984-11-30,,0.006213344117511177,,,,,,,
SWE,1984-12-31,,0.015931151684805744,,,,,,,
SWE,1985-01-31,,0.005853235981711169,,,,,,,
SWE,1985-02-28,,0.008938607000811505,,,,,,,
SWE,1985-03-31,,0.007535496650493023,,,,,,,
SWE,1985-04-30,,0.003966510268796686,,,,,,,
SWE,1985-05-31,,0.011371213714913342,,,,,,,
SWE,1985-06-30,,-0.003266909145348329,,,,,,,
SWE,1985-07-31,,-0.0008729812863452757,,,,,,,
SWE,1985-08-31,,-0.00021836445113487812,,,,,,,
SWE,1985-09-30,,0.004358254882828483,,,,,,,
SWE,1985-10-31,,0.0062859207736432055,,,,,,,
SWE,1985-11-30,,0.006676023503229711,,,,,,,
SWE,1985-12-31,,0.004069835327327631,,,,,,,
SWE,1986-01-31,,0.011265928487023569,,,,,,,
SWE,1986-02-28,,0.0006339144427811583,,,,,,,
SWE,1986-03-31,,-0.0016913323270761893,,,,,,,
SWE,1986-04-30,,0.006117517232637759,,,,,,,
SWE,1986-05-31,,0.0,,,,,,,
SWE,1986-06-30,,0.0,,,,,,,
SWE,1986-07-31,,0.0023106826791963186,,,,,,,
SWE,1986-08-31,,-0.0012597104332212616,,,,,,,
SWE,1986-09-30,,0.008993054439358605,,,,,,,
SWE,1986-10-31,,0.003740652740797934,,,,,,,
SWE,1986-11-30,,0.00020740433549404358,,,,,,,
SWE,1986-12-31,,0.0024855025223118332,,,,,,,
SWE,1987-01-31,,0.009061017512437264,,,,,,,
SWE,1987-02-28,,0.0030703125132580666,,,,,,,
SWE,1987-03-31,,0.0020416503621096815,,,,,,,
SWE,1987-04-30,,0.0026479290346919093,,,,,,,
SWE,1987-05-31,,0.0008133388004285536,,,,,,,
SWE,1987-06-30,,-0.0018309434471093233,,,,,,,
SWE,1987-07-31,,0.01194225305142993,,,,,,,
SWE,1987-08-31,,0.005017571991979608,,,,,,,
SWE,1987-09-30,,0.009365416665211068,,,,,,,
SWE,1987-10-31,,0.00455130893491873,,,,,,,
SWE,1987-11-30,,0.0031539549109482756,,,,,,,
SWE,1987-12-31,,0.0,,,,,,,
SWE,1988-01-31,,0.0054955977370658715,,,,,,,
SWE,1988-02-29,,0.007410330321956593,,,,,,,
SWE,1988-03-31,,0.004458667849720488,,,,,,,
SWE,1988-04-30,,0.00885813610401387,,,,,,,
SWE,1988-05-31,,0.0036360196981481963,,,,,,,
SWE,1988-06-30,,0.002289640382074687,,,,,,,
SWE,1988-07-31,,0.004942975843758024,,,,,,,
SWE,1988-08-31,,0.0018946576338461085,,,,,,,
SWE,1988-09-30,,0.0077307823506864715,,,,,,,
SWE,1988-10-31,,0.007671475549796636,,,,,,,
SWE,1988-11-30,,0.001676134110637495,,,,,,,
SWE,1988-12-31,,0.0020448004150526167,,,,,,,
SWE,1989-01-31,,0.011631258238859132,,,,,,,
SWE,1989-02-28,,0.0054915019936756515,,,,,,,
SWE,1989-03-31,,0.004189823052434427,,,,,,,
SWE,1989-04-30,,0.00904819781470323,,,,,,,
SWE,1989-05-31,,0.004314225638157865,,,,,,,
SWE,1989-06-30,,0.0034022774335857875,,,,,,,
SWE,1989-07-31,,0.00035746202346675915,,,,,,,
SWE,1989-08-31,,0.003923671878816926,,,,,,,
SWE,1989-09-30,,0.007978058449616299,,,,,,,
SWE,1989-10-31,,0.008615437905614698,,,,,,,
SWE,1989-11-30,,0.0015743902491092143,,,,,,,
SWE,1989-12-31,,0.003663966412480235,,,,,,,
SWE,1990-01-31,,0.027991867950452942,,,,,,,
SWE,1990-02-28,,0.003381237371869794,,,,,,,
SWE,1990-03-31,,0.027138933538189747,,,,,,,
SWE,1990-04-30,,0.0036071526241192586,,,,,,,
SWE,1990-05-31,,0.00571196983449429,,,,,,,
SWE,1990-06-30,,-0.0006511476707364849,,,,,,,
SWE,1990-07-31,,0.009400393372520632,,,,,,,
SWE,1990-08-31,,0.006912655128805234,,,,,,,
SWE,1990-09-30,,0.011310355536901184,,,,,,,
SWE,1990-10-31,,0.006473536461835572,,,,,,,
SWE,1990-11-30,,0.0032995551971657378,,,,,,,
SWE,1990-12-31,,-0.0012556900096019064,,,,,,,
SWE,1991-01-31,,0.0235925889075137,,,,,,,
SWE,1991-02-28,,0.02738653645451805,,,,,,,
SWE,1991-03-31,,0.0035756891494491683,,,,,,,
SWE,1991-04-30,,0.005487592562171351,,,,,,,
SWE,1991-05-31,,0.0010348141953819834,,,,,,,
SWE,1991-06-30,,-0.0013306721857055948,,,,,,,
SWE,1991-07-31,,0.0001479399366557388,,,,,,,
SWE,1991-08-31,,-0.0013322479951387578,,,,,,,
SWE,1991-09-30,,0.010755168129644055,,,,,,,
SWE,1991-10-31,,0.0038028420847560085,,,,,,,
SWE,1991-11-30,,0.004515337946209286,,,,,,,
SWE,1991-12-31,,-0.0013088055383887465,,,,,,,
SWE,1992-01-31,,-0.0017477429441603576,,,,,,,
SWE,1992-02-29,,0.0002915026984640079,,,,,,,
SWE,1992-03-31,,0.004797566809006781,,,,,,,
SWE,1992-04-30,,0.002173126534313674,,,,,,,
SWE,1992-05-31,,0.00086793004146557,,,,,,,
SWE,1992-06-30,,-0.002606053306394962,,,,,,,
SWE,1992-07-31,,-0.0014507473892200196,,,,,,,
SWE,1992-08-31,,0.0007256367780854589,,,,,,,
SWE,1992-09-30,,0.0144032448182152,,,,,,,
SWE,1992-10-31,,0.0020000006666665016,,,,,,,
SWE,1992-11-30,,-0.004864101149522959,,,,,,,
SWE,1992-12-31,,0.0037217334685291092,,,,,,,
SWE,1993-01-31,,0.02664568721391003,,,,,,,
SWE,1993-02-28,,0.0029172765011287183,,,,,,,
SWE,1993-03-31,,0.0042909609751839994,,,,,,,
SWE,1993-04-30,,0.004135085147802364,,,,,,,
SWE,1993-05-31,,-0.002341115164152363,,,,,,,
SWE,1993-06-30,,-0.003314462363115389,,,,,,,
SWE,1993-07-31,,-0.001938521792325787,,,,,,,
SWE,1993-08-31,,0.000969730629432064,,,,,,,
SWE,1993-09-30,,0.008960015832879087,,,,,,,
SWE,1993-10-31,,0.003014526810109608,,,,,,,
SWE,1993-11-30,,0.0002735978129235761,,,,,,,
SWE,1993-12-31,,-0.003699901445816778,,,,,,,
SWE,1994-01-31,,0.0030157665077288343,,,,,,,
SWE,1994-02-28,,0.003143152570622476,,,,,,,
SWE,1994-03-31,,0.0036772257983619383,,,,,,,
SWE,1994-04-30,,0.0040700096882968495,,,,,,,
SWE,1994-05-31,,0.002163917533592574,,,,,,,
SWE,1994-06-30,,0.0002701607472870293,,,,,,,
SWE,1994-07-31,,0.000270087780169348,,,,,,,
SWE,1994-08-31,,0.00013501653973158056,,,,,,,
SWE,1994-09-30,,0.009138620245598084,,,,,,,
SWE,1994-10-31,,0.0009360166492040634,,,,,,,
SWE,1994-11-30,,-0.0006684939081758046,,,,,,,
SWE,1994-12-31,,-0.0017401784727359981,,,,,,,
SWE,1995-01-31,,0.003744321036799114,,,,,,,
SWE,1995-02-28,,0.003597365814048459,,,,,,,
SWE,1995-03-31,,0.003849477110414057,,,,,,,
SWE,1995-04-30,,0.006602427259129406,,,,,,,
SWE,1995-05-31,,0.0010523547406346978,,,,,,,
SWE,1995-06-30,,-0.0010523547406346978,,,,,,,
SWE,1995-07-31,,-0.0010534633578949126,,,,,,,
SWE,1995-08-31,,-0.0011864743333722672,,,,,,,
SWE,1995-09-30,,0.006704817071819136,,,,,,,
SWE,1995-10-31,,0.002094241603114888,,,,,,,
SWE,1995-11-30,,-0.00026154047487914056,,,,,,,
SWE,1995-12-31,,-0.003275040590240863,,,,,,,
SWE,1996-01-31,,-0.0014444228103860368,,,,,,,
SWE,1996-02-29,,0.0011819556172785184,,,,,,,
SWE,1996-03-31,,0.004583259512637383,,,,,,,
SWE,1996-04-30,,0.0027399064697508635,,,,,,,
SWE,1996-05-31,,-0.0010428888965039462,,,,,,,
SWE,1996-06-30,,-0.003658700017534322,,,,,,,
SWE,1996-07-31,,-0.0022279021075544136,,,,,,,
SWE,1996-08-31,,-0.004602546095730631,,,,,,,
SWE,1996-09-30,,0.005651588940427388,,,,,,,
SWE,1996-10-31,,0.0005241090266725479,,,,,,,
SWE,1996-11-30,,-0.0019668268321648696,,,,,,,
SWE,1996-12-31,,-0.0015762514757087231,,,,,,,
SWE,1997-01-31,,-0.00013146650909590107,,,,,,,
SWE,1997-02-28,,-0.0005260389390118192,,,,,,,
SWE,1997-03-31,,0.004069582249276671,,,,,,,
SWE,1997-04-30,,0.005096384764804007,,,,,,,
SWE,1997-05-31,,0.0,,,,,,,
SWE,1997-06-30,,0.0013025923425757924,,,,,,,
SWE,1997-07-31,,-0.0018241047403151356,,,,,,,
SWE,1997-08-31,,0.0006518480121302517,,,,,,,
SWE,1997-09-30,,0.009210676778748095,,,,,,,
SWE,1997-10-31,,0.000645452807536806,,,,,,,
SWE,1997-11-30,,-0.0016790446308201368,,,,,,,
SWE,1997-12-31,,-0.0005171968049086928,,,,,,,
SWE,1998-01-31,,-0.009486134418628112,,,,,,,
SWE,1998-02-28,,-0.0014372511783555808,,,,,,,
SWE,1998-03-31,,0.0015678080033989517,,,,,,,
SWE,1998-04-30,,0.0028679461712135534,,,,,,,
SWE,1998-05-31,,0.001690837367129383,,,,,,,
SWE,1998-06-30,,-0.002081436942435566,,,,,,,
SWE,1998-07-31,,-0.002216284069949559,,,,,,,
SWE,1998-08-31,,-0.005103053272320857,,,,,,,
SWE,1998-09-30,,0.004058393997373955,,,,,,,
SWE,1998-10-31,,0.002088228375654033,,,,,,,
SWE,1998-11-30,,-0.002480257129449548,,,,,,,
SWE,1998-12-31,,-0.0017005694463900767,,,,,,,
SWE,1999-01-31,,0.0003926958621045529,,,,,,,
SWE,1999-02-28,,0.0,,,,,,,
SWE,1999-03-31,,0.0037881307137350717,,,,,,,
SWE,1999-04-30,,0.0022139749878302695,,,,,,,
SWE,1999-05-31,,0.0018196001901182868,,,,,,,
SWE,1999-06-30,,0.0015570263947495278,,,,,,,
SWE,1999-07-31,,-0.004417886603455656,,,,,,,
SWE,1999-08-31,,0.0,,,,,,,
SWE,1999-09-30,,0.007007555278491395,,,,,,,
SWE,1999-10-31,,0.0011631665285580794,,,,,,,
SWE,1999-11-30,,-0.002716162828777513,,,,,,,
SWE,1999-12-31,,0.0023285909616435063,,,,,,,
SWE,2000-01-31,,-0.008304186815061065,,,3.57,2.3800000000000003,0.03106682454254006,0.31299004567157235,0.1631373217506606
SWE,2000-02-29,,0.004809263834983035,,0.040773033713371376,3.9,2.0000000000000004,0.21560199479889097,0.28057530663341534,0.12145333433530253
SWE,2000-03-31,,0.004786245473568762,,0.011682375854356053,4.06,1.4500000000000002,-0.061111977449015975,0.35850785303796917,0.11372436415820714
SWE,2000-04-30,,-0.0009037506263567252,,0.011547472424772387,3.99,1.4299999999999997,0.009104898109620896,0.3954311907819484,0.19797297324844507
SWE,2000-05-31,,0.004767743069180597,,0.01707497375257816,3.96,1.38,-0.3861337379316715,1.196893656748323,0.18209490090971187
SWE,2000-06-30,,-0.00025713551183059735,,0.023425499510056014,3.94,1.19,-0.05205033140282589,0.3439496739861032,0.27509561161655444
SWE,2000-07-31,,-0.004768972111170555,,-0.037062074459601746,4.03,1.2799999999999994,0.009360387085148192,0.31637786249169925,0.1700270312651942
SWE,2000-08-31,,0.0006457862671958026,,0.021506205220964247,4.0,1.3099999999999996,0.018039720726765074,0.21057465148102142,0.16010788546463975
SWE,2000-09-30,,0.0072044567373446,,0.005583487425700362,3.94,1.3199999999999998,-0.10810494165843088,0.2341518894448655,0.14904365743413203
SWE,2000-10-31,,0.0020489186320169495,,0.011074310299093781,3.99,1.2400000000000002,-0.047169442602874145,0.40980288079876265,0.13995997523260603
SWE,2000-11-30,,0.0006394270951295411,,0.03143890363712831,4.0,1.13,-0.09698703498918415,0.2811592222318373,0.14923612926863028
SWE,2000-12-31,,-0.0010232797004441352,,-0.06389838455324437,4.07,0.8499999999999996,-0.026731760256458625,0.3307154520143483,0.21147720031867998
SWE,2001-01-31,6.1,-0.002947775284157572,,0.024720359923160018,4.07,0.8199999999999994,0.08634743520844079,0.2564108731554686,0.16885864389644792
SWE,2001-02-28,6.0,0.00358744779365594,-0.0004133825236056765,-0.01678830700325662,4.1,0.7600000000000007,-0.11475120594597643,0.29844322957698305,0.14791221170253835
SWE,2001-03-31,5.9,0.007390451578809909,0.003163413371799706,0.007869630271418515,4.06,0.6900000000000004,-0.15469796491034105,0.48189397004046747,0.13097706939980258
SWE,2001-04-30,5.8,0.008721536671219887,0.003163413371799706,-0.05761962287464417,3.94,0.9899999999999998,0.1353461669791327,0.42117698224651373,0.21612382374632838
SWE,2001-05-31,5.9,0.0067728842874288375,0.003163413371799706,0.04295494947039735,4.01,1.2599999999999998,0.0025656898528327865,0.20888632543743105,0.22288732857286242
SWE,2001-06-30,5.9,-0.0015011261262669606,-0.0007443296339637584,-0.007986351632649935,4.17,1.21,-0.0558228544681566,0.21140974271264293,0.24039433361193643
SWE,2001-07-31,6.0,-0.005145916595526323,-0.0007443296339637584,-0.005743841179252307,4.31,1.1100000000000003,-0.0213213047572689,0.19628016545707513,0.16746832490419006
SWE,2001-08-31,6.0,0.0023879858014099753,-0.0007443296339637584,0.02165326764922959,4.28,0.8799999999999999,-0.09059691743750942,0.16250544129273087,0.1716592536509177
SWE,2001-09-30,6.0,0.008500051177637857,0.0031860758884398876,-0.017055558400600468,4.01,1.25,-0.09167815335288854,0.44002814814638924,0.12633838652533266
SWE,2001-10-31,6.3,-0.002742118133518545,0.0031860758884398876,0.007995473776198025,3.7,1.4699999999999998,0.05497841723545016,0.29220817566283,0.15992849048125488
SWE,2001-11-30,5.9,0.00037436825794490147,0.0031860758884398876,0.010186845306992431,3.68,1.2799999999999998,0.10858144397289915,0.1973741779799876,0.1422495127501131
SWE,2001-12-31,6.0,0.0008729812863448316,-0.0026326488658963143,-0.004514680354525957,3.71,1.5300000000000002,0.021265531757429956,0.20403268420244258,0.31307533947086236
SWE,2002-01-31,5.9,-0.0024962569128179624,-0.0026326488658963143,-0.007950070265461129,3.74,1.5299999999999994,-0.04748662166152229,0.23668277363883425,0.16191057758506816
SWE,2002-02-28,5.9,0.0024962569128179624,-0.0026326488658963143,0.028107527690441003,3.87,1.4900000000000002,-0.004468218905863908,0.13851429222269357,0.17364265247039273
SWE,2002-03-31,6.0,0.00844096372253933,0.020008852180039227,-0.010027939186124435,4.09,1.54,0.035588232160637334,0.1825467224674405,0.2163899203614734
SWE,2002-04-30,6.1,0.004440066495134509,0.020008852180039227,-0.0033651181503140393,4.25,1.4400000000000004,-0.03778874144037103,0.17711757774971143,0.19419910932105547
SWE,2002-05-31,5.9,0.002458211660685272,0.020008852180039227,0.0,4.29,1.4000000000000004,-0.09409098089702106,0.18124361806863284,0.2543169716662894
SWE,2002-06-30,5.8,-0.0014742017411872865,0.0004550039502770886,-0.013574869091068642,4.28,1.2399999999999993,-0.03768767827994002,0.28827619721854864,0.18406486714773276
SWE,2002-07-31,6.2,-0.003448279278916111,0.0004550039502770886,0.005678606968843702,4.26,1.1100000000000003,-0.08928570879940512,0.4565002567225152,0.15031705423868394
SWE,2002-08-31,6.0,0.0004933399212045941,0.0004550039502770886,0.002262444403968722,4.19,0.9399999999999995,-0.023034734493923792,0.23596273423038588,0.17193505355274052
SWE,2002-09-30,6.3,0.007615808828053794,0.0013956177935163794,0.004509590505975325,4.17,0.7999999999999998,-0.14107952730241613,0.3289547822348934,0.16872845122908947
SWE,2002-10-31,6.2,0.0032985186586653725,0.0013956177935163794,0.004489345362594932,4.07,1.0,0.09867234790509305,0.3702239408852621,0.14700580062539728
SWE,2002-11-30,6.3,-0.002442301861203866,0.0013956177935163794,0.008918676731838104,3.91,1.1399999999999997,0.1234423624419001,0.2702241955747309,0.131474879667496
SWE,2002-12-31,6.4,0.0012218965352142064,0.004502791034255438,0.0022172958086477124,3.67,1.2199999999999998,-0.10596500924331709,0.13742766823681857,0.3005595446938491
SWE,2003-01-31,6.5,0.0031699612011806266,0.004502791034255438,0.013201511858536463,3.65,1.0500000000000003,-0.2931785224926997,0.8348097283007966,0.19885434969835683
SWE,2003-02-28,6.1,0.00884693402789516,0.004502791034255438,-0.026579637804712064,3.61,0.8599999999999999,-0.024275809693137695,0.2621526410475669,0.17754116907837234
SWE,2003-03-31,6.5,0.00505477066162463,0.0015899792482763075,0.011160830137527888,3.4,1.1700000000000004,-0.03389587161582086,0.2741972945518266,0.17568832027001763
SWE,2003-04-30,6.5,-0.003487466705853315,0.0015899792482763075,0.01978086474735008,3.42,1.2999999999999998,0.14818843855872244,0.22145745125569305,0.24489570377039407
SWE,2003-05-31,6.4,-0.0012054003388168866,0.0015899792482763075,-0.012041743754394041,3.18,1.19,0.011169252599162682,0.16315712010460104,0.23068897979621641
SWE,2003-06-30,6.5,-0.0027779473145592704,0.004719133588373836,0.00439561147303813,2.81,1.3900000000000001,0.04541614700631347,0.15882727108544428,0.2285200158717337
SWE,2003-07-31,6.6,-0.0035136644860687127,0.004719133588373836,0.009820046180974984,2.68,1.8299999999999996,0.07478457460934718,0.15474835387541264,0.16844341488908762
SWE,2003-08-31,7.0,-0.00024277737434186264,0.004719133588373836,0.0,2.71,1.9900000000000002,0.026736094346504036,0.14211723453921943,0.15800232390622557
SWE,2003-09-30,6.7,0.007257803723036638,0.009080708412785299,0.005414198390872649,2.71,2.0200000000000005,-0.02987530659949078,0.16779601680069847,0.14760414279430464
SWE,2003-10-31,7.0,0.0006024459486990708,0.009080708412785299,-0.007588112290491722,2.73,2.1199999999999997,0.0864738545623236,0.15857965194911008,0.16000901378297877
SWE,2003-11-30,7.4,-0.0020497987523206973,0.009080708412785299,-0.0010887317351970793,2.72,2.2600000000000002,0.0005900456186040959,0.14400539638858098,0.15856601497100548
SWE,2003-12-31,7.2,0.000965134590540373,0.007139102062625469,0.005431843882361953,2.7,2.16,0.03603983702825242,0.11691023942798148,0.30282195562889686
SWE,2004-01-31,7.0,-0.002172864205940428,0.007139102062625469,0.022496931642648654,2.6,2.0500000000000003,0.06488722863224017,0.12035374590112952,0.1787977767795022
SWE,2004-02-29,7.6,-0.0024198438910350006,0.007139102062625469,-0.001059883512043669,2.46,2.09,0.04833441264479044,0.1422012141117133,0.14128885913975062
SWE,2004-03-31,7.6,0.007482535514458988,0.013061139046840253,-0.01066108178611369,2.36,1.9499999999999997,-0.01120493015611057,0.2111741989303378,0.14008442525623746
SWE,2004-04-30,7.3,0.0001202284341692561,0.013061139046840253,0.025398190605610438,2.02,2.53,0.010604173535126327,0.1605320967634081,0.22153885705205748
SWE,2004-05-31,7.8,0.0025214637841290966,0.013061139046840253,0.002087683430484155,1.99,2.6899999999999995,-0.0086842767227856,0.23635402584921056,0.22146302315347158
SWE,2004-06-30,7.6,-0.004326409824955135,-0.0048571943775979065,-0.00627617122923585,1.98,2.7399999999999998,0.03468200254094156,0.11964869407239465,0.20087991689973192
SWE,2004-07-31,7.3,-0.0015669261326900497,-0.0048571943775979065,-0.04617030414330703,1.99,2.58,-0.02021165670497438,0.16537451868811825,0.18559183311520197
SWE,2004-08-31,7.4,-0.001086235095640653,-0.0048571943775979065,0.057646695099649925,1.99,2.4299999999999997,-0.008988191734234041,0.14981010794968985,0.17394922243252153
SWE,2004-09-30,8.0,0.0072193792079113805,0.008693946283468534,-0.001037882812419788,2.0,2.37,0.046099962523011406,0.11478421599901273,0.167921116589008
SWE,2004-10-31,7.3,0.0028732211793132123,0.008693946283468534,-0.006250020345171414,1.99,2.26,-0.005521121332435541,0.1555570973826297,0.16194112483788625
SWE,2004-11-30,7.7,-0.0056344931180678515,0.008693946283468534,0.004171017517338171,1.99,2.1399999999999997,0.06706032649195559,0.09569743366710766,0.17075084030008345
SWE,2004-12-31,7.6,-0.00024047132495308432,0.0063405221306904735,-0.05673003036899882,2.0,1.9,0.012696109688072221,0.0912033341075359,0.22706524591490074
SWE,2005-01-31,7.9,-0.005305052229693352,0.0063405221306904735,0.03250557040493085,2.0,1.8399999999999999,0.004199707369227701,0.12908362275327956,0.17024289711509022
SWE,2005-02-28,8.3,0.004703620804815678,0.0063405221306904735,0.03868752199162273,1.97,1.7899999999999998,0.03761445511209205,0.12142250077176175,0.1420564774924957
SWE,2005-03-31,7.5,0.0020433927417791153,0.009976818132242826,-0.004111002706522093,1.97,1.89,0.004112727088049883,0.08429722076737747,0.2188942131306089
SWE,2005-04-30,7.7,0.0014398850579873113,0.009976818132242826,-0.01139318382944321,1.99,1.59,-0.009261210235888107,0.1516795413526156,0.15276665361739028
SWE,2005-05-31,8.1,0.0005993407431432729,0.009976818132242826,-0.004175371410480189,1.9,1.44,0.016559773870358452,0.09205402797377635,0.19358147277546128
SWE,2005-06-30,8.3,0.00047921409806495063,0.005250584899759048,0.027851207095764607,1.65,1.46,0.05425214953871205,0.10723560842959205,0.20001197850041266
SWE,2005-07-31,8.2,-0.0037199298911438916,0.005250584899759048,-0.003056548482548216,1.48,1.58,0.048777097226853305,0.10891548156912705,0.15227538091044474
SWE,2005-08-31,8.0,0.00192169167954237,0.005250584899759048,-0.04914737081727427,1.48,1.6600000000000001,-0.011729602516903026,0.09942784937336852,0.14808266818417445
SWE,2005-09-30,7.6,0.006816169887670753,0.017864204775039028,0.040950603613095105,1.47,1.51,0.053679315902366964,0.07666255613824426,0.15975616871855938
SWE,2005-10-31,8.1,0.0017860336949926392,0.017864204775039028,0.02539496550139919,1.49,1.68,-0.025665117349146782,0.14413018322919233,0.13098824072742674
SWE,2005-11-30,7.4,-0.0023820878343547847,0.017864204775039028,-0.02539496550139919,1.51,1.8699999999999999,0.03818937114798926,0.06846042443804265,0.1554344418799092
SWE,2005-12-31,7.9,0.0003576751155867086,0.0005603528718509665,-0.02289381986585237,1.69,1.6800000000000002,0.05674617849487262,0.08743870317967124,0.19054905849696774
SWE,2006-01-31,7.9,-0.007898557100198822,0.0005603528718509665,0.06223323442588491,1.83,1.4899999999999998,0.018432535224669033,0.119031128082529,0.1477008102630574
SWE,2006-02-28,7.2,0.004674866170415015,0.0005603528718509665,-0.02605357784838258,1.93,1.49,0.028809925503539446,0.1136689707429448,0.11743461661605073
SWE,2006-03-31,7.6,0.007030953113481786,0.0027697691794941193,0.008089022873083884,1.96,1.5899999999999999,0.06766608736534119,0.0861982259469819,0.13860786025680283
SWE,2006-04-30,7.9,0.005093289068088147,0.0027697691794941193,0.009022617599637073,2.05,1.79,-0.006036109970410708,0.09997396104173929,0.21488521669853428
SWE,2006-05-31,7.3,0.001534738510325262,0.0027697691794941193,0.020741484306816993,2.11,1.7800000000000002,-0.07999261852576445,0.36553000884927145,0.1717278413652187
SWE,2006-06-30,7.1,-0.000353961421901694,0.012705317104879654,-0.0167574152919423,2.21,1.7200000000000002,-0.0480070647565608,0.3680489126563861,0.1709686807972739
SWE,2006-07-31,7.1,-0.001653478586234769,0.012705317104879654,-0.024146042305218884,2.28,1.6800000000000002,-0.017117977777201143,0.20399412586192092,0.12923711012137923
SWE,2006-08-31,7.2,0.0007089684806000918,0.012705317104879654,0.03206687579666312,2.43,1.4099999999999997,0.04607502442263178,0.11787203646631558,0.14833194045519243
SWE,2006-09-30,6.7,0.005771172015919035,0.00638332996248181,0.02242902407839864,2.54,1.1600000000000001,0.056254526085877776,0.1323139527571806,0.14906171810923322
SWE,2006-10-31,6.7,0.0001174329165820609,0.00638332996248181,0.001926782869699828,2.74,0.9899999999999998,0.0459115014468241,0.11473943584625881,0.14155548227764994
SWE,2006-11-30,6.7,0.001290852728678793,0.00638332996248181,-0.002891568279799195,2.9,0.7200000000000002,-0.0013750497081201907,0.1659973378594702,0.13973866539576663
SWE,2006-12-31,6.6,0.0,0.014228466905164439,0.027607655324097813,3.0,0.6499999999999999,0.08831353994494995,0.09750018990498067,0.21222047220180587
SWE,2007-01-31,6.5,-0.005055563057475787,0.014228466905164439,-0.012281684845870444,3.21,0.69,0.03115030347932013,0.10719986093522382,0.1262225308248969
SWE,2007-02-28,6.3,0.005055563057475787,0.014228466905164439,0.0075757938084572984,3.29,0.6400000000000001,-0.02922654383095047,0.19520925159801697,0.11912335721459366
SWE,2007-03-31,6.6,0.006545902976170304,0.008809708464610821,0.013121087962697509,3.26,0.5300000000000002,0.057193851776239146,0.20222229018694257,0.11387661011776878
SWE,2007-04-30,6.2,0.005113317358358849,0.008809708464610821,-0.031208206453841036,3.34,0.7000000000000002,0.004053132875398324,0.17620690196222125,0.21924128507438
SWE,2007-05-31,6.0,-0.0011598238368115688,0.008809708464610821,0.016198543803275456,3.4,0.7500000000000004,-0.03516460379421815,0.1503567987780452,0.20646390095442566
SWE,2007-06-30,6.3,0.0016233769798903452,0.009243237551814332,-0.0018921481520379757,3.45,0.9900000000000002,-0.03470989145613523,0.18706071379955364,0.2093142125369609
SWE,2007-07-31,5.9,-0.0015073340438735983,0.009243237551814332,-0.02202099514656819,3.53,0.9200000000000004,-0.016117401899795714,0.1750190446468166,0.14153443616141326
SWE,2007-08-31,6.1,-0.00034816921375391274,0.009243237551814332,0.02296751675059916,3.58,0.6699999999999999,-0.024303061621949618,0.2750070992312956,0.11506476781331217
SWE,2007-09-30,6.2,0.009933091603994804,0.018765896685065897,-0.010461341245369127,3.62,0.5999999999999996,-0.006919082421520617,0.23734447056559566,0.138615575331781
SWE,2007-10-31,6.3,0.005387141230634107,0.018765896685065897,0.00761908447643922,3.81,0.49999999999999956,-0.02981058544078874,0.2057677876633628,0.12953010240082855
SWE,2007-11-30,6.1,0.006381060849693476,0.018765896685065897,0.027142517899682694,4.02,0.20000000000000018,-0.06732829887879743,0.21708145860748265,0.13290811541035194
SWE,2007-12-31,6.1,0.0019290786124148696,0.006689896623232272,0.0,4.12,0.1899999999999995,-0.023981657831245506,0.18473632187891853,0.29358129446310705
SWE,2008-01-31,6.0,-0.0073960626160136655,0.006689896623232272,0.010105735980936004,4.11,-0.03000000000000025,-0.11338929307954171,0.321449207389139,0.11075025310021842
SWE,2008-02-29,5.9,0.004103037440703616,0.006689896623232272,-0.013806017723791975,4.21,-0.1900000000000004,0.027346921574308736,0.2706183994493323,0.1368677629181041
SWE,2008-03-31,5.9,0.009508787969028099,-0.006960307532398957,-0.022493919347967406,4.24,-0.3200000000000003,-0.01787293275967261,0.27006568770688394,0.23433171347821688
SWE,2008-04-30,5.7,0.004384246244756085,-0.006960307532398957,0.0028395665080775956,4.14,-0.08000000000000007,0.039031135499726144,0.22208759450366763,0.14151835737814245
SWE,2008-05-31,5.9,0.003918280971659804,-0.006960307532398957,-0.01715962028282636,4.11,0.0699999999999994,0.024047824264715523,0.1412953356941784,0.19200787855991422
SWE,2008-06-30,6.7,0.004792964645615072,-0.004694029511030706,0.003838776307166114,4.17,0.2599999999999998,0.15668483627444574,1.310993509533424,0.20560706299815157
SWE,2008-07-31,6.3,-0.0021149893785876728,-0.004694029511030706,-0.004800777343357154,4.34,0.03000000000000025,-0.002307034258859031,0.27668578301821295,0.15729172913337933
SWE,2008-08-31,6.0,0.0016701000374705899,-0.004694029511030706,0.010531452052341628,4.4,-0.29000000000000004,0.011667758488042024,0.25292374308315696,0.1404233454260289
SWE,2008-09-30,6.5,0.010292825084497359,-0.009001860418479168,-0.04879016416943127,4.49,-0.5900000000000003,-0.14170486511263392,0.4370479736041943,0.12467273014211898
SWE,2008-10-31,6.4,0.0015403237724758156,-0.009001860418479168,-0.018163970627671944,3.63,-0.06000000000000005,-0.17178720056379027,0.6625542868105883,0.09446125935607948
SWE,2008-11-30,7.1,-0.008168717462030628,-0.009001860418479168,-0.03102627356309995,3.2,0.13999999999999968,-0.012240002052900434,0.5807850740873483,0.12408628558576187
SWE,2008-12-31,6.9,-0.013614762248110424,-0.008981517005789641,-0.08777561088238617,1.82,0.8499999999999999,0.038433076871292604,0.41857838189460017,0.2744210400543182
SWE,2009-01-31,6.9,-0.0037147563402237793,-0.008981517005789641,-0.050569268773684506,1.35,1.4499999999999997,-0.03942630534534908,0.3313228909215371,0.15477201160657308
SWE,2009-02-28,7.8,0.00022552999644531724,-0.008981517005789641,0.017932339460662305,0.85,2.08,0.031913768728088376,0.36847511773549085,0.14556743647594025
SWE,2009-03-31,7.9,0.0029272707234833106,0.0115103545564601,-0.02519629391888767,0.4,2.54,-0.0147304524842794,0.3718062265050462,0.14515451106287858
SWE,2009-04-30,7.9,0.0015726806207077004,0.0115103545564601,0.0036385728439087828,0.3,2.8800000000000003,0.187743772862619,0.32248578152085206,0.20836864176183223
SWE,2009-05-31,9.0,-0.0025849972247895536,0.0115103545564601,-0.01709443335930061,0.47,3.0999999999999996,0.03179120113564382,0.2293595703053888,0.3106576275050116
SWE,2009-06-30,8.5,0.002360479936015736,0.010729501266265373,0.011022769290750745,0.39,3.23,0.010073161197591718,0.26128381735059153,0.3151265910821296
SWE,2009-07-31,8.5,-0.004613748126870654,0.010729501266265373,-0.004884014592425601,0.18,3.19,0.10607744515769735,0.2159992658682145,0.3225572961833212
SWE,2009-08-31,8.9,0.002028169709318739,0.010729501266265373,0.018193345961205587,0.16,3.29,0.03066745516159819,0.22587031423393525,0.2603183440621864
SWE,2009-09-30,8.9,0.003146777152747582,0.005761622811814249,0.015504186535965303,0.15,3.23,0.010614185332937565,0.162087454697855,0.2571186142241524
SWE,2009-10-31,8.9,0.002465539744998857,0.005761622811814249,-0.019116472221878844,0.18,3.07,0.046473876946206305,0.18301266324579044,0.2575376092617472
SWE,2009-11-30,8.8,-0.0002238889520160825,0.005761622811814249,0.003612285685913541,0.18,3.09,0.009136925129690221,0.19774642310822754,0.24374405081970915
SWE,2009-12-31,9.1,0.0022366370317126183,0.0028756034838206546,0.001201201345634395,0.17,3.0700000000000003,0.016777401582080742,0.1258083559101608,0.3184725669483291
SWE,2010-01-31,9.2,-0.0063876498918249425,0.0028756034838206546,0.01311885242911437,0.2,3.17,0.014725535707120985,0.12336083307070807,0.30753246970656894
SWE,2010-02-28,9.0,0.00605247308292256,0.0028756034838206546,-0.00713439411387462,0.22,3.0599999999999996,-0.0071219273964531205,0.15211553071249348,0.25310450089673975
SWE,2010-03-31,9.0,0.002343881869983022,0.023322439572456943,0.040917455357520005,0.23,2.97,0.08571714787501294,0.09654582639696468,0.25197248916050957
SWE,2010-04-30,9.4,0.00022294058725780275,0.023322439572456943,0.021530576740406815,0.29,2.85,0.047802892475863334,0.162739392951749,0.30769597608626387
SWE,2010-05-31,8.9,0.0017817376651203531,0.023322439572456943,0.014468811119916936,0.28,2.45,-0.07125346813629807,0.3779767029566656,0.2633780338366669
SWE,2010-06-30,8.4,0.00022249416044672898,0.0007401784006937362,0.0033094349013671476,0.27,2.34,-0.05140293962868203,0.3057728232439153,0.31898271784753757
SWE,2010-07-31,8.9,-0.0031194321195782138,0.0007401784006937362,0.009863093655171795,0.39,2.31,0.04063066901086909,0.20684084405094455,0.3215827540175291
SWE,2010-08-31,8.5,0.00011157601127376182,0.0007401784006937362,-0.016492952193841504,0.45,2.0,-0.026967758499837124,0.18134681529180316,0.2888280709640116
SWE,2010-09-30,8.5,0.008332918613863427,0.012919906214689192,0.03164475721444315,0.52,2.01,0.09251140707793803,0.1489918226916348,0.2786042437427821
SWE,2010-10-31,8.4,0.0032035376748309474,0.012919906214689192,0.0021459235702767643,0.81,1.83,0.0005509435074133595,0.1158488513661533,0.26474336693314793
SWE,2010-11-30,8.1,0.003303240176006028,0.012919906214689192,0.0042780813910781035,1.11,1.7499999999999998,0.01782979632733439,0.14258099813679537,0.251646899939882
SWE,2010-12-31,8.2,0.00701065419314606,0.0001821394968128942,-0.00857454342458297,1.28,1.93,0.05726236709658816,0.10976422674170641,0.29825913764032586
SWE,2011-01-31,8.1,-0.005143650191380189,0.0001821394968128942,0.011771136450210662,1.49,1.7899999999999998,-0.01621448249951396,0.16617850340824178,0.2918704043130412
SWE,2011-02-28,7.9,0.006016536226072233,0.0001821394968128942,0.0063626937878282774,1.74,1.6700000000000002,-0.010726877046064787,0.12824928622734696,0.24256898338709423
SWE,2011-03-31,8.0,0.006847480697980579,0.008434495116556917,0.00421941554270866,1.74,1.61,0.025752212066984193,0.16268664563840143,0.25179140843885073
SWE,2011-04-30,7.8,0.004215538859101642,0.008434495116556917,-0.011646505386323724,1.8,1.4999999999999998,0.040905631649143626,0.1288533385951717,0.34352798173099913
SWE,2011-05-31,7.9,0.0018319957707451096,0.008434495116556917,0.03864710720483,1.91,1.0999999999999999,-0.024337903000841266,0.13368536920517604,0.2541490126892661
SWE,2011-06-30,8.0,-0.002263541791036161,0.007626783869124409,-0.061265195792602256,1.85,1.04,-0.03291920239318602,0.22721157827481,0.37882414546930876
SWE,2011-07-31,7.9,-0.0005396945459938962,0.007626783869124409,0.02048589161793135,1.8,0.95,-0.04627667374296729,0.16855148517305032,0.3148568985209336
SWE,2011-08-31,7.8,0.00032385167876292087,0.007626783869124409,-0.03917802463008435,1.71,0.45999999999999996,-0.10374034754272454,0.4407020894848002,0.25730414974744975
SWE,2011-09-30,7.7,0.006991155121928827,-0.004568058422341537,0.015418807667184176,1.58,0.25,-0.05538848772130178,0.4344439972469787,0.298256954112196
SWE,2011-10-31,7.9,0.0,-0.004568058422341537,0.009788006366162172,1.45,0.44999999999999996,0.08947293080570162,0.32982194682386345,0.3047516627180649
SWE,2011-11-30,7.8,0.0023552093105152494,-0.004568058422341537,-0.024097551579060017,1.45,0.24,-0.007324329850431299,0.34917512883407065,0.30215848297049636
SWE,2011-12-31,7.9,0.001922872080562854,-0.0017111220490324541,-0.03039063370500905,1.37,0.30999999999999983,0.014528522627978768,0.19482356798494327,0.3102957109631192
SWE,2012-01-31,8.0,-0.009328325832535178,-0.0017111220490324541,0.08748745412311543,1.56,0.1399999999999999,0.053638629438358176,0.14064591716090444,0.34256926462469184
SWE,2012-02-29,7.9,0.006656670489730843,-0.0017111220490324541,-0.08178943300847763,1.59,0.2999999999999998,0.05819036079198736,0.1262749139024249,0.28706707989383934
SWE,2012-03-31,7.6,0.002778373234160192,0.009437227778365198,0.015783867701261833,1.49,0.45999999999999996,-0.011179120530179665,0.21014303969851808,0.310214829445309
SWE,2012-04-30,7.6,0.0022384489440545607,0.009437227778365198,-0.020339684237122846,1.44,0.3800000000000001,0.003054617455731101,0.2617781366307938,0.37506606416151367
SWE,2012-05-31,8.3,-0.0008521517345663199,0.009437227778365198,0.0715770486489884,1.38,0.13000000000000012,-0.06081063547436161,0.22478584855385964,0.35573227814505615
SWE,2012-06-30,8.0,-0.0024539889615668997,0.0011258340900841546,-0.03900819588545357,1.24,0.20999999999999996,0.030268544673087705,0.23556798906824647,0.3851559485043474
SWE,2012-07-31,8.1,-0.003960401216096976,0.0011258340900841546,-0.011111225425071147,1.1,0.22999999999999998,0.04067786788941796,0.15716059857870537,0.3499174213589446
SWE,2012-08-31,8.3,0.0010719263541130175,0.0011258340900841546,0.046926230731369145,1.15,0.29000000000000004,-0.01800547031015287,0.13516243341529313,0.3384768237563868
SWE,2012-09-30,8.2,0.004062873117925747,0.0069445301679920135,-0.07525673735759497,1.04,0.47,0.017487057377304716,0.1447945261998139,0.30940535612248327
SWE,2012-10-31,8.2,-0.0007471847494979755,0.0069445301679920135,0.004587164006905731,0.98,0.56,-0.011863518048701116,0.11934107247817322,0.30388632272507526
SWE,2012-11-30,8.5,-0.002458973816135135,0.0069445301679920135,-0.006888660995184814,1.06,0.3999999999999999,0.02983780111053913,0.12992510002769553,0.30687892208687667
SWE,2012-12-31,8.2,0.002565748681433888,0.00219694808627402,-0.0011527378798081855,1.01,0.5,0.019458973952542147,0.06193556104059398,0.4008084938317496
SWE,2013-01-31,8.0,-0.008362866365759558,0.00219694808627402,-0.0057837061168486414,0.96,0.8400000000000001,0.055815480354227454,0.08918469132817558,0.30151804017860456
SWE,2013-02-28,8.1,0.004404583583233368,0.00219694808627402,0.0,0.98,1.02,0.03920597159814676,0.12730530749721136,0.24832137268655913
SWE,2013-03-31,8.4,0.0040650462481695016,0.004144697161493127,-0.0023228814161404543,0.97,0.95,0.007481846175747542,0.08864864943991418,0.2953950867564422
SWE,2013-04-30,8.4,-0.0020304575503820033,0.004144697161493127,-0.001163467263297413,0.95,0.71,0.015838547206427744,0.15048982418157417,0.31608744113583337
SWE,2013-05-31,8.0,0.001603335280140783,0.004144697161493127,-0.009356793410881359,0.92,0.87,0.015539343186617982,0.12464558421526872,0.3442249632719993
SWE,2013-06-30,8.1,-0.001710315756305647,0.002303549997680676,0.004689340363386307,0.92,1.13,-0.04565242049974283,0.1837877403569965,0.35168252520327387
SWE,2013-07-31,8.0,-0.001391788672822969,0.002303549997680676,0.02312241742085419,0.93,1.23,0.07144356763617976,0.09548343818521281,0.3090785160817445
SWE,2013-08-31,8.1,0.0008567145522926367,0.002303549997680676,-0.014968615693921272,0.93,1.4099999999999997,-0.00701096030004289,0.10989328695331857,0.26348629331382817
SWE,2013-09-30,8.2,0.003952785446885265,0.011412439994597179,0.0023174981403624173,0.89,1.71,0.044332327086952894,0.10457656018425072,0.22781890741094143
SWE,2013-10-31,7.9,-0.0021347003516822838,0.011412439994597179,-0.04740223889458406,0.92,1.52,0.013334013097038744,0.10380183100633708,0.22270424383603854
SWE,2013-11-30,8.2,-0.0006412997227052131,0.011412439994597179,0.05086844687107028,0.92,1.38,0.020734427840027436,0.08214826557922986,0.21303359897159324
SWE,2013-12-31,8.1,0.0026693732149807303,0.004593651217222217,0.004603000071960572,0.82,1.5700000000000003,0.01800111884431277,0.1211060411578709,0.34692156431255106
SWE,2014-01-31,8.2,-0.011583141089631432,0.004593651217222217,-0.010386706188809214,0.73,1.6400000000000001,-0.017896730379583836,0.09534450132676624,0.2688650117145398
SWE,2014-02-28,8.1,0.004198294556589488,0.004593651217222217,0.003474236268186104,0.73,1.5,0.05823844836644687,0.11413236418157734,0.1995140062468878
SWE,2014-03-31,8.2,-0.00010742869430746538,0.005010222064752767,-0.030518800464673035,0.73,1.4300000000000002,0.012882428143567326,0.15031925640979987,0.21292472371875956
SWE,2014-04-30,8.2,0.003860180645825828,0.005010222064752767,0.014201422106167705,0.7,1.36,0.011285413742917472,0.11978324691064704,0.29925667684299795
SWE,2014-05-31,7.8,0.0005349596233070741,0.005010222064752767,-0.018980403722518524,0.66,1.2199999999999998,0.03678290257713135,0.061323449849068866,0.2925657240972786
SWE,2014-06-30,8.3,0.002030240586237575,0.012428196919263002,0.011904902506318038,0.58,1.2200000000000002,-0.01257365712122993,0.08413367059222415,0.285282374012208
SWE,2014-07-31,7.9,-0.0033146247936270967,0.012428196919263002,-0.02032347297191439,0.26,1.34,-0.007395249401870974,0.12064686520049012,0.23173518114264202
SWE,2014-08-31,8.1,-0.0009643718936525048,0.012428196919263002,0.02386748140664352,0.22,1.36,0.006752149861572354,0.1311888622688512,0.2128497953903905
SWE,2014-09-30,7.9,0.001606770202682739,0.0026812441869825676,-0.02386748140664352,0.19,1.32,-0.0010611722469184848,0.07719465105307022,0.2130652223271624
SWE,2014-10-31,8.1,0.0005350168657924925,0.0026812441869825676,0.0024125464053845747,0.14,1.1600000000000001,0.014521944878815418,0.22128510560712633,0.1969636700193367
SWE,2014-11-30,8.1,-0.001498769148987833,0.0026812441869825676,-0.013341616937574408,0.05,1.0899999999999999,0.035679953796404984,0.09513941030179275,0.199350938133207
SWE,2014-12-31,7.6,0.0016057381815546279,0.013539945376223272,0.04652001563489261,0.06,0.95,0.01464501210293978,0.14158503742541384,0.32355739884565893
SWE,2015-01-31,7.9,-0.010537731919996851,0.013539945376223272,-0.04652001563489261,0.11,0.67,0.0682731695013552,0.16686185634535775,0.26293556352400155
SWE,2015-02-28,8.0,0.007001698232913078,0.013539945376223272,0.007299302481611036,-0.02,0.64,0.08203557652643823,0.11025858899900041,0.16850080993006183
SWE,2015-03-31,7.7,0.0007511132924618025,0.012455203240142154,0.007246408520767744,-0.11,0.69,-0.0011632553225068287,0.13178081430440883,0.18408638149615159
SWE,2015-04-30,7.9,-0.00010726736400723524,0.012455203240142154,0.06746744065845611,-0.26,0.6000000000000001,-0.002826614980440123,0.174445417264261,0.24644257870867098
SWE,2015-05-31,7.7,0.0035337617755040185,0.012455203240142154,-0.02852446670984854,-0.27,1.02,-0.03939525027931334,0.1593808477519146,0.25110273011789247
SWE,2015-06-30,7.6,-0.002997539981326902,0.008333016321158127,-0.008134850206276134,-0.32,1.31,-0.08505414471244754,0.2029274908748031,0.2095853956646529
SWE,2015-07-31,7.2,0.00032159511452611866,0.008333016321158127,-0.02361384810830458,-0.48,1.29,0.05476071706211494,0.1878970053083533,0.1962272549386043
SWE,2015-08-31,7.0,-0.0019311238701700262,0.008333016321158127,0.047822523145641505,-0.46,1.12,-0.0554026091553107,0.2843083897565385,0.16649029982363314
SWE,2015-09-30,7.5,0.003965494720095997,0.008019716038711877,0.009070356969964166,-0.48,1.19,-0.04152953198301035,0.23363046889106912,0.17623750672638017
SWE,2015-10-31,7.3,0.0007484630127541081,0.008019716038711877,-0.011350859668689317,-0.44,1.1,0.0694770656749375,0.1518676307445891,0.1727148174348611
SWE,2015-11-30,7.0,-0.0017115964811811324,0.008019716038711877,0.019220489940107832,-0.36,1.1600000000000001,0.037209138745771364,0.13771363387051272,0.16302273059007474
SWE,2015-12-31,7.3,0.0014978070629432239,0.00984506479748859,-0.01693998724138268,-0.38,1.31,-0.034937185288663186,0.17735786285649274,0.2518079285802475
SWE,2016-01-31,7.1,-0.0035341402246746867,0.00984506479748859,-0.005711037795514073,-0.46,1.23,-0.06541816474042206,0.2709307572632722,0.22336934881936094
SWE,2016-02-29,7.2,0.0032133703742900366,0.00984506479748859,0.0045714365325801865,-0.5,1.27,0.019866793906818225,0.3095988193196811,0.1502347790176676
SWE,2016-03-31,7.4,0.00501361122731403,0.0007916960695126818,-0.0045714365325801865,-0.59,1.41,0.020021224711570085,0.13558498203574584,0.2351144421713172
SWE,2016-04-30,6.9,-0.0002128338839577637,0.0007916960695126818,0.046988509435919035,-0.59,1.4,0.004554963279218116,0.1565824020479847,0.15202792364519638
SWE,2016-05-31,7.3,0.0018076457684168545,0.0007916960695126818,-0.056194558343642065,-0.6,1.37,0.0035654382651790772,0.11499585366024268,0.18960208546525328
SWE,2016-06-30,6.8,0.0010617966595365402,0.0,0.003462207728470723,-0.63,1.15,-0.031245527831573527,0.3500529075571487,0.22272169076111295
SWE,2016-07-31,6.9,0.0006365372589209883,0.0,0.0362030486639604,-0.67,0.8400000000000001,0.0514156019427332,0.13823575324746906,0.16245454948773327
SWE,2016-08-31,7.2,-0.001167294662177909,0.0,-0.06069406867225613,-0.74,0.84,0.023928711956965998,0.11746068086633031,0.15322411148170406
SWE,2016-09-30,6.8,0.0016974330407073523,0.009852067714774648,0.07393929542227706,-0.75,0.97,0.01615839180494172,0.10464523085918494,0.1504408583091946
SWE,2016-10-31,7.0,0.0033862466219858334,0.009852067714774648,-0.026668247082161756,-0.75,0.99,-0.01911637569833413,0.10470231118647687,0.13973211696583898
SWE,2016-11-30,7.0,0.00031687351730713686,0.009852067714774648,0.004494389587839542,-0.79,1.22,0.01580744116535726,0.11779152220008984,0.1410592687542903
SWE,2016-12-31,7.1,0.004951287439348029,0.006994785333855447,-0.005621150270429531,-0.79,1.4,0.02470188393550865,0.07949965980139669,0.18238623579842067
SWE,2017-01-31,7.0,-0.006748233116049995,0.006994785333855447,0.007860792863934485,-0.77,1.42,0.009401715396434751,0.09599600461567974,0.19076903083961944
SWE,2017-02-28,7.0,0.006958383374257693,0.006994785333855447,0.016639319003964204,-0.69,1.35,0.028453884448915723,0.0760982042202494,0.1401173735698871
SWE,2017-03-31,6.5,-0.00010506960871214943,0.014946810119583986,0.01311494207782804,-0.63,1.3199999999999998,0.017274613075077605,0.08126171541874941,0.14321755966026448
SWE,2017-04-30,6.9,0.005762496955920682,0.014946810119583986,-0.01201543674441119,-0.63,1.2,0.041377236228496095,0.0876951076136162,0.23345296749654992
SWE,2017-05-31,6.9,0.0006266318742902399,0.014946810119583986,0.010929070532190721,-0.62,1.1800000000000002,0.013069614083338399,0.08465226596262244,0.21581006152629534
SWE,2017-06-30,6.7,0.0007305745771901684,-0.004733971987457508,0.007579895522768609,-0.67,1.1300000000000001,-0.03237979766093224,0.10944953434347172,0.22345960312087063
SWE,2017-07-31,7.0,0.005306708255017334,-0.004733971987457508,0.0010781672203457049,-0.75,1.4100000000000001,-0.023406336427677976,0.10848067222145662,0.16861727108945146
SWE,2017-08-31,6.5,-0.001557875373497275,-0.004733971987457508,-0.020686638608721886,-0.73,1.3599999999999999,-0.01156876845837429,0.11423968003992298,0.1551123217549885
SWE,2017-09-30,6.9,0.001350298828901586,0.0033421179686445868,0.029270382300113695,-0.71,1.33,0.052669420104195286,0.06829811424894335,0.1447574015747661
SWE,2017-10-31,7.0,-0.0007268574122001326,0.0033421179686445868,0.007450806155865131,-0.68,1.56,0.02410830089467253,0.06610411723881306,0.13760670857397692
SWE,2017-11-30,6.5,0.0019716708509509573,0.0033421179686445868,0.0052882196215646715,-0.71,1.47,-0.03566566978035701,0.08805674013554572,0.20567869260006247
SWE,2017-12-31,6.7,0.0037251698707221337,0.007974655666952657,0.0073568382257080955,-0.75,1.47,-0.01635101916597148,0.09809160557128908,0.35086543925810154
SWE,2018-01-31,6.8,-0.008401231802015019,0.007974655666952657,0.0031364374901299286,-0.69,1.54,0.01719649019531988,0.08540045858277541,0.2991127028248683
SWE,2018-02-28,5.9,0.007264457019338977,0.007974655666952657,-0.010493275715838024,-0.66,1.57,-0.005438258641678573,0.20237544341123487,0.26301741448147037
SWE,2018-03-31,6.2,0.0026848425875831694,0.007138134075953317,0.005260401399180381,-0.66,1.4300000000000002,-0.014590866956734283,0.15373402397528124,0.31124017459064174
SWE,2018-04-30,6.5,0.004116502674209599,0.007138134075953317,-0.011609629077839578,-0.66,1.37,0.0449627829832242,0.1363037090863005,0.32201983537072026
SWE,2018-05-31,6.0,0.0023593384283824292,0.007138134075953317,0.021009176089343384,-0.7,1.3599999999999999,-0.004820909464175682,0.09381224704891827,0.3419730203777611
SWE,2018-06-30,6.6,0.002251561692164117,0.007405531395429321,-0.0020811662038244805,-0.69,1.24,-0.0019319409161013823,0.10231691899724997,0.34856844488006306
SWE,2018-07-31,6.5,0.005200113680853491,0.007405531395429321,-0.01574835696813892,-0.67,1.1800000000000002,0.04182611437250494,0.10012776930623264,0.28101412032678597
SWE,2018-08-31,6.5,-0.0020360385736628572,0.007405531395429321,0.0,-0.68,1.2000000000000002,0.02336807933664664,0.08402659101207124,0.2677532687930183
SWE,2018-09-30,6.6,0.0045752710588296,-0.004150650665843969,0.0,-0.73,1.33,0.004821982165191141,0.08378286818656797,0.2723738744134887
SWE,2018-10-31,6.5,-0.0013195961920970944,-0.004150650665843969,0.036367644170875124,-0.7,1.37,-0.06443843115078807,0.17449918301928996,0.26686097071192644
SWE,2018-11-30,6.6,-0.0009145877371423694,-0.004150650665843969,-0.01646127705407263,-0.73,1.33,-0.02111436407961842,0.14520788556854514,0.2712027181304901
SWE,2018-12-31,6.8,0.004362167708390707,0.006395568199604185,0.013395357432237631,-0.66,1.13,-0.057718679904577797,0.20663147823132913,0.4030738229625643
SWE,2019-01-31,6.3,-0.00996956375398117,0.006395568199604185,0.014227882287205063,-0.44,0.87,0.07761220034973015,0.1278166050401259,0.3046265940817731
SWE,2019-02-28,6.9,0.0074357358134156115,0.006395568199604185,-0.008105414182821846,-0.4,0.76,0.03521761293451986,0.09054914508647438,0.26563108857221096
SWE,2019-03-31,7.4,0.002331357804219003,-0.005815514842456793,-0.010225037961161476,-0.4,0.69,0.01563483360520368,0.10032573532777113,0.26824248965860586
SWE,2019-04-30,6.6,0.0069616383665565,-0.005815514842456793,0.008188377379358514,-0.3995,0.7774000000000001,0.06925831843654562,0.08669133492712355,0.3381039390788046
SWE,2019-05-31,6.6,0.0025104195541088004,-0.005815514842456793,0.009132483563272231,-0.3995,0.6148,-0.06572396085384946,0.15836856818226855,0.3292071483457198
SWE,2019-06-30,6.4,-0.0014050584407083733,0.004843051324256109,-0.029730534158343147,-0.3994,0.4446,0.06285047974029023,0.09600395235330364,0.3447333964141771
SWE,2019-07-31,7.3,0.0039091915667581745,0.004843051324256109,0.021616899384173216,-0.4,0.4208,0.0009437366911344558,0.10884021774658907,0.27098923824605153
SWE,2019-08-31,7.3,-0.004210532536342626,0.004843051324256109,0.0020345886977874983,-0.4278,0.13940000000000002,-0.015433195836625835,0.17823820744764843,0.2593536278890905
SWE,2019-09-30,6.8,0.004710607558016555,0.011654908685610366,-0.0020345886977874983,-0.4094,0.17789999999999997,0.027502211867221238,0.0957874709982789,0.26408656582269263
SWE,2019-10-31,6.9,0.00019996000866395747,0.011654908685610366,-0.022658023892583756,-0.4333,0.2735,0.034162537406073,0.12484728071605226,0.2588847222863121
SWE,2019-11-30,7.7,0.0009992007226227173,0.011654908685610366,0.021639175103481456,-0.4717,0.4702,0.019359014864064994,0.08003650528271551,0.257596167758925
SWE,2019-12-31,6.8,0.003887370955679259,0.0002780040769927439,-0.019558008899656976,-0.455,0.5221,0.03478655291217159,0.09684006112565122,0.38797579869399307
SWE,2020-01-31,7.4,-0.014429108054232032,0.0002780040769927439,0.018538120998911722,-0.1749,0.28047,0.014500429498818912,0.13151904758037755,0.30708372012070373
SWE,2020-02-29,7.8,0.004933309778833994,0.0002780040769927439,-0.0051151006667709,-0.1499,0.10425000000000001,-0.062362992608547274,0.2676945633158213,0.22632390791500862
SWE,2020-03-31,6.8,-0.0017088007374645997,0.008849698208212686,-0.0103093696588612,-0.15291,-0.014770000000000005,-0.13136082059923238,0.6338546992436325,0.21352332215738612
SWE,2020-04-30,8.2,-0.00302267232658604,0.008849698208212686,-0.20136178049311138,-0.1704,0.09625,0.08694217532509496,0.3208978017580869,0.2967012521090855
SWE,2020-05-31,8.5,0.006036235631849962,0.008849698208212686,0.02503259621261744,-0.13926,0.078576,0.05366586860018985,0.30227978544640366,0.29756872972526277
SWE,2020-06-30,9.1,0.005700870568041694,-0.10297324617837766,0.07728145859704316,-0.084714,0.09080919999999999,0.02493704073913494,0.24659182589726267,0.25937501778292704
SWE,2020-07-31,9.6,0.0021916725250328284,-0.10297324617837766,0.021506205220964247,-0.084522,0.011304999999999996,0.04179026699894495,0.1728753476780353,0.22503485311206847
SWE,2020-08-31,9.3,-0.0014938010047602646,-0.10297324617837766,0.08887600553659336,-0.11924,0.078907,0.036437351609764024,0.14573514042236294,0.21917152474540363
SWE,2020-09-30,9.0,0.0005977882015226754,0.0606632480947038,-0.010298752200574413,-0.13068,0.04808899999999999,0.04084552813319653,0.18400993056652262,0.209202220739906
SWE,2020-10-31,8.8,-0.0008968163622355974,0.0606632480947038,-0.002072539601972956,-0.1285,0.099934,-0.06089351015581146,0.17317092514987592,0.20025689412156697
SWE,2020-11-30,8.6,9.968598921705762e-05,0.0606632480947038,0.015440347919964736,-0.12448,0.12422,0.11239429377177323,0.14088614391152324,0.20508615652870552
SWE,2020-12-31,9.2,0.006953440155295532,-0.004048323619691985,0.016211094628082456,-0.18255,0.187989,0.011879050187053597,0.09975493472242566,0.30446533771010204
SWE,2021-01-31,9.0,-0.003669364954105525,-0.004048323619691985,-0.021331433516057707,-0.15042,0.22048600000000002,0.02191568591172066,0.12009449710863569,0.27550031434321776
SWE,2021-02-28,9.1,0.0026789716870565528,-0.004048323619691985,0.017303230687453208,-0.1313,0.37842,0.031345397161243405,0.1294840434398502,0.1957169496990005
SWE,2021-03-31,9.6,0.001584158747136577,0.021108504718826637,0.009040744652149435,-0.15965,0.55831,0.0730975619015215,0.14370672877554144,0.19494747746910973
SWE,2021-04-30,9.1,0.002371542613480493,0.021108504718826637,-0.007024614936964824,-0.14671,0.5168699999999999,0.03668271731562833,0.13314522069617393,0.25626001798088943
SWE,2021-05-31,9.1,0.0019719982726575935,0.021108504718826637,-0.004036332422460376,-0.1519,0.57308,-0.06414894698818008,0.29686980645783806,0.21931179029686806
SWE,2021-06-30,9.4,0.0008861320916579984,0.01398440441742288,0.022989518224698635,-0.15881,0.5203599999999999,-0.01063020668792991,0.10998861255678469,0.22154366014257976
SWE,2021-07-31,8.7,0.0026536946134658734,0.01398440441742288,-0.012929071198857223,-0.15514,0.33594,0.07733217859237373,0.1432841731545403,0.18119761178664454
SWE,2021-08-31,8.9,0.005091062494151366,0.01398440441742288,-0.02226812660577071,-0.16214,0.27227,0.004599972998829971,0.10352924176875743,0.17276629234289642
SWE,2021-09-30,8.9,0.005065274808136344,0.03795994423679083,-0.005130847582344167,-0.17082,0.44045999999999996,-0.07227350512172026,0.1798302762330023,0.168720641635101
SWE,2021-10-31,8.4,0.0020383409144342224,0.03795994423679083,0.024391453124159135,-0.21338,0.59397,0.04937595824345564,0.1441053438960127,0.16956111024192833
SWE,2021-11-30,8.4,0.004643521935682848,0.03795994423679083,0.015936592262812965,-0.34709,0.61381,0.01782261678300001,0.17053233804253415,0.16694798633071736
SWE,2021-12-31,8.0,0.012659610906158747,0.006803433115834423,-0.002968829493801728,-0.38467,0.52263,0.045386267295713933,0.17640490390614938,0.24243824009493978
SWE,2022-01-31,8.0,-0.005447000901291688,0.006803433115834423,-0.0301833778230991,-0.16025,0.5205299999999999,-0.10683113709969871,0.2765139374520083,0.2006585509808953
SWE,2022-02-28,7.3,0.008492012293963569,0.006803433115834423,0.01117330059812538,-0.1435,0.7495299999999999,-0.0749557907042131,0.2771985579266433,0.16284085236242674
SWE,2022-03-31,7.7,0.017517871214047354,-0.0034765642090857085,0.03960913809504607,-0.22491,1.04537,0.025330031368418826,0.3036750471617523,0.1713960832327404
SWE,2022-04-30,7.8,0.0061429828322019375,-0.0034765642090857085,-0.03658341717850888,-0.098526,1.570046,-0.04154654265114066,0.18208208015163307,0.2513008444347392
SWE,2022-05-31,7.8,0.01043070333017404,-0.0034765642090857085,0.013006686614511764,0.31314,1.45249,-0.05515646992800616,0.2625410753539171,0.20867422220025758
SWE,2022-06-30,7.5,0.013951806120124921,0.01568653512558349,0.02938507215974351,0.5147,1.3483899999999998,-0.12274573877840733,0.2390052624837153,0.25374626274645035
SWE,2022-07-31,7.3,0.0009051412638241274,0.01568653512558349,0.05812319925004772,0.7801,0.7525200000000001,0.1116802823537788,0.21919072686060503,0.1871695794578278
SWE,2022-08-31,6.9,0.0173995420930666,0.01568653512558349,-0.09950841541290156,1.13165,0.4753099999999999,-0.0756139887326307,0.19821662524597783,0.1816711931250768
SWE,2022-09-30,7.0,0.014213437250055527,-0.011743145500378915,0.04811924834419834,1.50959,0.5674300000000001,-0.07763908223944893,0.26415536453789146,0.17918944139979398
SWE,2022-10-31,7.7,0.002101576955626072,-0.011743145500378915,-0.011571970983812463,1.60286,0.5941799999999999,0.055529350475621575,0.2479924560621168,0.18855936947367474
SWE,2022-11-30,7.3,0.010095821173122133,-0.011743145500378915,-0.021569463663350774,1.67914,0.3307200000000001,0.06484548978855242,0.21230495061488378,0.1801258925187448
SWE,2022-12-31,7.5,0.020484967443744395,-0.008035225989241113,0.007897375694950526,2.02062,-0.046290000000000164,-0.025003355232307123,0.2058255513415991,0.21665131296564175
SWE,2023-01-31,7.1,-0.011347760523550576,-0.008035225989241113,0.03952321636968481,2.65695,-0.57395,0.07912142317290582,0.16995648917565503,0.22444251985115676
SWE,2023-02-28,7.7,0.01100834601032119,-0.008035225989241113,-0.004737100284269324,3.0353,-0.6692999999999998,0.011783338246195152,0.22283040737671808,0.1842265758827269
SWE,2023-03-31,7.2,0.005670052849937157,-0.00981072897350721,-0.03872700788529215,3.24887,-0.89609,-0.009338726227953398,0.24706349928800891,0.12702349043949088
SWE,2023-04-30,7.2,0.004630612357686026,-0.00981072897350721,0.03872700788529215,3.41356,-1.04067,0.02380698501691758,0.11938992218446569,0.2253146541155644
SWE,2023-05-31,7.2,0.0031868527474632202,-0.00981072897350721,0.0028449521322313487,3.50124,-1.1773800000000003,-0.03378295012582999,0.15657217870948564,0.20832269205114248
SWE,2023-06-30,8.1,0.01066054903270075,0.0036351553693911853,-0.05448818528406907,3.5381,-1.0733000000000001,0.021842251097677234,0.13047006898565885,0.2242548838185501
SWE,2023-07-31,7.1,0.0004141301256019858,0.0036351553693911853,0.029558802241544058,3.70871,-1.18695,-0.005303029670641335,0.12299238434236927,0.15306910408728222
SWE,2023-08-31,8.2,0.0007450023108539483,0.0036351553693911853,0.0,3.79361,-1.04148,-0.04303002522787269,0.12402980667598876,0.1511459130684503
SWE,2023-09-30,8.1,0.005117211562687629,-0.004213866471395988,-0.009756174945365181,3.82667,-0.9387699999999999,-0.022416204934157857,0.12097551879077481,0.15733983015970426
SWE,2023-10-31,7.9,0.0024667008067362772,-0.004213866471395988,0.018456084820910768,3.95627,-0.9325399999999999,-0.036666929490836275,0.17098131014037843,0.19695836564577587
SWE,2023-11-30,8.0,0.003197641391460948,-0.004213866471395988,-0.02238536296079996,4.10186,-1.3469100000000003,0.09689187974475466,0.18432289752569064,0.13163521394144592
SWE,2023-12-31,8.2,0.007259115926688153,0.008562539816075798,-0.013875346493617435,4.02842,-1.8202099999999999,0.08724308012146942,0.13399828421644805,0.20323235680275575
SWE,2024-01-31,8.0,-0.0014638909575852566,0.008562539816075798,0.03433392658471757,3.97095,-1.7402700000000002,-0.01964149026632034,0.12657325826454138,0.16557225772918746
SWE,2024-02-29,8.1,0.0024386290739135674,0.008562539816075798,-0.010664182498812735,4.04338,-1.6133799999999998,0.0381455419443677,0.08234097764006533,0.15057537430864928
SWE,2024-03-31,8.7,0.0012170880645561155,0.0031848773160163546,0.015474196582597521,4.0525,-1.6565000000000003,0.05547775269562094,0.11702289998978149,0.1972822231405146
SWE,2024-04-30,8.6,0.0029958323689687205,0.0031848773160163546,-0.03914394066850235,3.95071,-1.4376600000000002,-0.008598491636920724,0.13118978048491595,0.19501709927777766
SWE,2024-05-31,8.1,0.0016156397407289802,0.0031848773160163546,0.006961738708799459,3.78762,-1.4112399999999998,-0.0024847530939590134,0.14265002360679332,0.2319846174019698
SWE,2024-06-30,8.3,-0.0007267148771514798,-0.005552767822168292,-0.03120535031879168,3.68339,-1.42578,-0.017252026144410237,0.1344569368038842,0.24144338752151642
SWE,2024-07-31,8.6,0.0008074283846006836,-0.005552767822168292,0.021245108613736186,3.5847,-1.4565300000000003,0.03295072072260585,0.12179637531867955,0.1608651419891554
SWE,2024-08-31,8.3,-0.00582808837619897,-0.005552767822168292,-0.004012041489961149,3.36582,-1.4337299999999997,-0.0006973161346827128,0.18954756597503067,0.15823069792195557
SWE,2024-09-30,8.6,0.0018654452061950266,0.005371723776969262,0.007010544486217185,3.13867,-1.21138,0.015275557365326264,0.1356863571540157,0.16157143962406262
SWE,2024-10-31,8.2,0.0022662899218257593,0.005371723776969262,0.01584191546565794,2.91691,-0.8738700000000001,-0.04155118552434944,0.10423243433431456,0.1612968406852576
SWE,2024-11-30,8.3,0.002986884158053371,0.005371723776969262,0.023302025202844412,2.66529,-0.5978600000000003,-0.0063381296479467775,0.14382495865699213,0.151624411951688
SWE,2024-12-31,8.5,-8.06094071617025e-05,0.00496625659063632,0.054168236473150166,2.45478,-0.3532799999999998,-0.008618122521999894,0.11226429716303683,0.2918033228812935
SWE,2025-01-31,9.8,-0.00032250262312860656,0.00496625659063632,-0.06381151274495434,2.33105,-0.009669999999999845,0.07290502708007751,0.11907495256381535,0.208211963880688
SWE,2025-02-28,9.0,0.006029684224921006,0.00496625659063632,-0.01071612787684284,2.2802,-0.025049999999999795,0.0077363825044975965,0.13642868572934425,0.13099102240899968
SWE,2025-03-31,8.0,-0.006917103104505884,0.0028895255883227833,0.011684650954973286,2.29952,0.3029600000000001,-0.07636876258309622,0.18537146269575236,0.13873891968155944
SWE,2025-04-30,8.6,0.0011293055971517418,0.0028895255883227833,0.02202099514656819,2.268,0.15195000000000025,0.00035709603478029095,0.3604690137532939,0.2066358716224521
SWE,2025-05-31,9.1,0.0006447453479312415,0.0028895255883227833,-0.008559253395669764,2.30257,0.09528000000000025,0.01913437540453522,0.15420584954531502,0.21052388541513345
SWE,2025-06-30,8.3,0.004742202352476355,0.003232564827438722,0.07451722118746762,2.18842,0.12616000000000005,0.005271780016985472,0.12906403904026786,0.21549780518617223
SWE,2025-07-31,8.9,0.001922615348306067,0.003232564827438722,-0.07642926765909319,2.07874,0.27878000000000025,0.016461213801563845,0.12544657362512643,0.13397665760902375
SWE,2025-08-31,8.8,-0.0038489342680758654,0.003232564827438722,0.0540168548545914,2.043,0.38861999999999997,0.00817066780343012,0.1184511159289923,0.13838708072132186
SWE,2025-09-30,8.7,0.0003213109514357271,0.0092698392994226,0.03998755762600936,1.98341,0.5805900000000002,0.003545362983497613,0.1163924594685544,0.1412409770792734
SWE,2025-10-31,9.3,0.002566777698637779,0.0092698392994226,-0.06198661162137764,1.85274,0.7240900000000001,0.03740755979372645,0.10815194012181856,0.13311195020015115
SWE,2025-11-30,9.0,-0.003611415987216482,0.0092698392994226,0.0009263548601312621,1.8687,0.7892000000000001,-0.006890162913159803,0.13448235678544582,0.13386928607595366
SWE,2025-12-31,8.8,0.0003215434111307758,0.008888102211665583,0.06453852113757108,1.92889,0.8927900000000002,0.026682301303929234,0.08071172110098475,0.2829219768014829
SWE,2026-01-31,8.1,0.0012851407391254455,,-0.10227884912041851,1.9577,,,,
SWE,2026-02-28,8.4,0.006321285301934765,,0.05699814458726138,,,,,
SWE,2026-03-31,9.2,-0.006321285301934765,,,,,,,
