country_code,month_end_date,SENT_DIV_PREMIUM,SENT_ORTH_DIV_PREMIUM,SENT_ORTH_SIBLEY_DIV_PREMIUM,SENT_ORTH_DIV_PREMIUM_lag,SENT_ORTH_DIV_PREMIUM_change,SENT_ORTH_SIBLEY_DIV_PREMIUM_lag,SENT_ORTH_SIBLEY_DIV_PREMIUM_change,SENT_DIV_PREMIUM_lag,SENT_DIV_PREMIUM_change,ORTH_minus_RAW_DIV_PREMIUM,SIBLEY_minus_ORTH_DIV_PREMIUM
SWE,2001-02-28,,,,,,,,,,,
SWE,2001-03-31,,,,,,,,,,,
SWE,2001-04-30,,,,,,,,,,,
SWE,2001-05-31,,,,,,,,,,,
SWE,2001-06-30,,,,,,,,,,,
SWE,2001-07-31,,,,,,,,,,,
SWE,2001-08-31,,,,,,,,,,,
SWE,2001-09-30,,,,,,,,,,,
SWE,2001-10-31,,,,,,,,,,,
SWE,2001-11-30,,,,,,,,,,,
SWE,2001-12-31,0.12892395886137714,0.8312695256101716,0.30131670715635783,,,,,,,0.7023455667487946,-0.5299528184538138
SWE,2002-01-31,0.19352509400143478,0.4415197457863322,0.06481984373665339,0.8312695256101716,-0.38974977982383946,0.30131670715635783,-0.23649686341970444,0.12892395886137714,0.06460113514005764,0.2479946517848974,-0.3766999020496788
SWE,2002-02-28,-0.32180451702900126,0.5025257769123093,-0.30033581394052244,0.4415197457863322,0.06100603112597708,0.06481984373665339,-0.36515565767717584,0.19352509400143478,-0.5153296110304361,0.8243302939413105,-0.8028615908528317
SWE,2002-03-31,-0.16547552026920959,0.3659112447290853,-0.3761387743789126,0.5025257769123093,-0.13661453218322395,-0.30033581394052244,-0.07580296043839013,-0.32180451702900126,0.15632899675979167,0.5313867649982948,-0.742050019107998
SWE,2002-04-30,0.1411726142039095,0.4868079512892632,-0.041587629131635225,0.3659112447290853,0.12089670656017787,-0.3761387743789126,0.33455114524727736,-0.16547552026920959,0.3066481344731191,0.34563533708535366,-0.5283955804208984
SWE,2002-05-31,0.43181387733562965,0.8391852946160898,0.46286378613448403,0.4868079512892632,0.35237734332682663,-0.041587629131635225,0.5044514152661193,0.1411726142039095,0.2906412631317201,0.40737141728046017,-0.3763215084816058
SWE,2002-06-30,-0.09816392838241196,0.06815634143744137,-0.5170350856264914,0.8391852946160898,-0.7710289531786485,0.46286378613448403,-0.9798988717609753,0.43181387733562965,-0.5299778057180417,0.16632026981985332,-0.5851914270639327
SWE,2002-07-31,0.10021527060352625,0.15959594214866807,-0.2763166016677433,0.06815634143744137,0.0914396007112267,-0.5170350856264914,0.24071848395874806,-0.09816392838241196,0.1983791989859382,0.05938067154514182,-0.43591254381641137
SWE,2002-08-31,0.317641202148922,0.4035116559982484,0.12955373570720824,0.15959594214866807,0.24391571384958033,-0.2763166016677433,0.40587033737495154,0.10021527060352625,0.21742593154539575,0.0858704538493264,-0.27395792029104016
SWE,2002-09-30,0.033538244120140476,0.4459783007028794,-0.3044882966068427,0.4035116559982484,0.04246664470463102,0.12955373570720824,-0.4340420323140509,0.317641202148922,-0.2841029580287815,0.41244005658273897,-0.7504665973097221
SWE,2002-10-31,0.6577247091600807,0.4643853042042523,0.382962717740003,0.4459783007028794,0.018407003501372865,-0.3044882966068427,0.6874510143468457,0.033538244120140476,0.6241864650399402,-0.19333940495582846,-0.08142258646424927
SWE,2002-11-30,0.12189716195493266,0.5593715899018886,-0.11783014078223197,0.4643853042042523,0.09498628569763634,0.382962717740003,-0.500792858522235,0.6577247091600807,-0.5358275472051481,0.43747442794695596,-0.6772017306841206
SWE,2002-12-31,0.2582684262896282,0.6045589706910159,0.4233719123773537,0.5593715899018886,0.04518738078912732,-0.11783014078223197,0.5412020531595857,0.12189716195493266,0.13637126433469554,0.34629054440138773,-0.18118705831366222
SWE,2003-01-31,0.5748461941545204,0.3037736828434965,0.0019604936123611277,0.6045589706910159,-0.30078528784751946,0.4233719123773537,-0.4214114187649926,0.2582684262896282,0.3165777678648922,-0.27107251131102394,-0.30181318923113537
SWE,2003-02-28,-0.34149056824668533,0.36542390839580335,-0.8223639537659592,0.3037736828434965,0.06165022555230687,0.0019604936123611277,-0.8243244473783203,0.5748461941545204,-0.9163367624012058,0.7069144766424886,-1.1877878621617626
SWE,2003-03-31,0.6803574078198049,0.6975924139426901,0.6106529744310413,0.36542390839580335,0.33216850554688676,-0.8223639537659592,1.4330169281970004,-0.34149056824668533,1.0218479760664902,0.0172350061228852,-0.08693943951164884
SWE,2003-04-30,0.10188411425550863,0.4577482817404409,0.18047553865969643,0.6975924139426901,-0.2398441322022492,0.6106529744310413,-0.4301774357713448,0.6803574078198049,-0.5784732935642963,0.35586416748493227,-0.27727274308074445
SWE,2003-05-31,-0.07142725416596375,0.5519526667876369,-0.06885398111801778,0.4577482817404409,0.09420438504719597,0.18047553865969643,-0.24932951977771423,0.10188411425550863,-0.17331136842147238,0.6233799209536006,-0.6208066479056547
SWE,2003-06-30,0.34072610354187816,0.8633170936216714,0.5371965802909249,0.5519526667876369,0.31136442683403454,-0.06885398111801778,0.6060505614089426,-0.07142725416596375,0.4121533577078419,0.5225909900797933,-0.32612051333074654
SWE,2003-07-31,0.024575476708689634,0.7580510012105934,0.11784204117673354,0.8633170936216714,-0.10526609241107798,0.5371965802909249,-0.41935453911419135,0.34072610354187816,-0.3161506268331885,0.7334755245019038,-0.6402089600338599
SWE,2003-08-31,-0.14437865132075,0.6096691836134303,-0.19732451671009796,0.7580510012105934,-0.14838181759716318,0.11784204117673354,-0.3151665578868315,0.024575476708689634,-0.16895412802943965,0.7540478349341803,-0.8069937003235282
SWE,2003-09-30,-0.08939942562462197,0.5723266243684688,-0.14860573699051666,0.6096691836134303,-0.03734255924496144,-0.19732451671009796,0.0487187797195813,-0.14437865132075,0.05497922569612804,0.6617260499930908,-0.7209323613589855
SWE,2003-10-31,0.5161327278562342,0.8139009995826189,0.5277914488889686,0.5723266243684688,0.24157437521415004,-0.14860573699051666,0.6763971858794853,-0.08939942562462197,0.6055321534808562,0.29776827172638465,-0.2861095506936503
SWE,2003-11-30,0.6738563922311223,0.9966677858289055,0.795011906979151,0.8139009995826189,0.18276678624628662,0.5277914488889686,0.26722045809018247,0.5161327278562342,0.15772366437488805,0.3228113935977832,-0.20165587884975444
SWE,2003-12-31,-0.13618907491760168,0.5808491865369654,0.12798658409002747,0.9966677858289055,-0.4158185992919401,0.795011906979151,-0.6670253228891235,0.6738563922311223,-0.8100454671487239,0.7170382614545671,-0.4528626024469379
SWE,2004-01-31,-0.06233115931423229,0.4934730898439036,0.108489941967556,0.5808491865369654,-0.08737609669306179,0.12798658409002747,-0.019496642122471472,-0.13618907491760168,0.07385791560336939,0.5558042491581359,-0.3849831478763476
SWE,2004-02-29,-0.12814309874380325,0.9024080461211978,-0.10601047454260543,0.4934730898439036,0.40893495627729426,0.108489941967556,-0.21450041651016144,-0.06233115931423229,-0.06581193942957096,1.030551144865001,-1.0084185206638032
SWE,2004-03-31,0.7348745139817676,1.2068466350881921,0.6944321098786223,0.9024080461211978,0.3044385889669943,-0.10601047454260543,0.8004425844212277,-0.12814309874380325,0.8630176127255709,0.4719721211064245,-0.5124145252095699
SWE,2004-04-30,-0.07527686928901055,0.9852677521602745,0.17851990566924608,1.2068466350881921,-0.2215788829279176,0.6944321098786223,-0.5159122042093762,0.7348745139817676,-0.8101513832707782,1.060544621449285,-0.8067478464910285
SWE,2004-05-31,0.3930819011573794,0.7825477030358767,0.5249928767442276,0.9852677521602745,-0.20272004912439778,0.17851990566924608,0.3464729710749815,-0.07527686928901055,0.46835877044638996,0.38946580187849733,-0.25755482629164916
SWE,2004-06-30,-0.03760388808828244,0.5253504879274705,0.15912341951320516,0.7825477030358767,-0.2571972151084062,0.5249928767442276,-0.3658694572310224,0.3930819011573794,-0.4306857892456618,0.5629543760157529,-0.36622706841426533
SWE,2004-07-31,0.027965928770772114,0.4073368826769403,0.01229094645449963,0.5253504879274705,-0.11801360525053023,0.15912341951320516,-0.14683247305870553,-0.03760388808828244,0.06556981685905455,0.37937095390616815,-0.39504593622244066
SWE,2004-08-31,0.0013203222034525591,0.5158425926065966,0.31617171942341843,0.4073368826769403,0.1085057099296563,0.01229094645449963,0.3038807729689188,0.027965928770772114,-0.026645606567319555,0.514522270403144,-0.19967087318317817
SWE,2004-09-30,0.04938382011222888,0.45810514193984453,0.0742859862326216,0.5158425926065966,-0.057737450666752066,0.31617171942341843,-0.24188573319079681,0.0013203222034525591,0.04806349790877632,0.40872132182761567,-0.3838191557072229
SWE,2004-10-31,0.23856649755900122,0.6630505822985744,0.30426470661211336,0.45810514193984453,0.20494544035872986,0.0742859862326216,0.22997872037949174,0.04938382011222888,0.18918267744677233,0.42448408473957316,-0.35878587568646103
SWE,2004-11-30,0.2856672830410749,0.789812590020502,0.4857323374694842,0.6630505822985744,0.12676200772192758,0.30426470661211336,0.18146763085737083,0.23856649755900122,0.04710078548207369,0.504145306979427,-0.3040802525510178
SWE,2004-12-31,0.08179522841677438,0.8689063910421991,0.13260572963018308,0.789812590020502,0.07909380102169716,0.4857323374694842,-0.3531266078393011,0.2856672830410749,-0.20387205462430052,0.7871111626254248,-0.736300661412016
SWE,2005-01-31,0.05501712036895326,0.5833431657393867,0.22784227418372777,0.8689063910421991,-0.2855632253028124,0.13260572963018308,0.09523654455354469,0.08179522841677438,-0.026778108047821117,0.5283260453704335,-0.35550089155565895
SWE,2005-02-28,0.2917553122075247,0.4773515427302451,0.4375058723829565,0.5833431657393867,-0.10599162300914161,0.22784227418372777,0.20966359819922875,0.05501712036895326,0.23673819183857145,0.1855962305227204,-0.039845670347288586
SWE,2005-03-31,0.10238265437838502,0.4542399289332562,0.2980875957369017,0.4773515427302451,-0.023111613796988895,0.4375058723829565,-0.13941827664605483,0.2917553122075247,-0.1893726578291397,0.3518572745548712,-0.15615233319635452
SWE,2005-04-30,0.4849238736565145,0.2911707836739422,0.4496796799925186,0.4542399289332562,-0.16306914525931399,0.2980875957369017,0.15159208425561693,0.10238265437838502,0.3825412192781295,-0.1937530899825723,0.1585088963185764
SWE,2005-05-31,0.051320468669654506,0.5586968988427395,0.1613193886215417,0.2911707836739422,0.2675261151687973,0.4496796799925186,-0.28836029137097696,0.4849238736565145,-0.43360340498686,0.507376430173085,-0.3973775102211978
SWE,2005-06-30,-0.102408422476063,0.1726424260042966,0.07574875830298984,0.5586968988427395,-0.38605447283844296,0.1613193886215417,-0.08557063031855185,0.051320468669654506,-0.1537288911457175,0.2750508484803596,-0.09689366770130677
SWE,2005-07-31,0.06647191129395577,0.15492673809824958,0.1560880350747375,0.1726424260042966,-0.017715687906047023,0.07574875830298984,0.08033927677174767,-0.102408422476063,0.16888033377001876,0.08845482680429381,0.0011612969764879244
SWE,2005-08-31,-0.3793776938711765,0.1889156776492611,-0.5175137442808265,0.15492673809824958,0.03398893955101151,0.1560880350747375,-0.673601779355564,0.06647191129395577,-0.4458496051651323,0.5682933715204376,-0.7064294219300876
SWE,2005-09-30,-0.025089702834367,0.03879750624698468,0.06811647282481595,0.1889156776492611,-0.1501181714022764,-0.5175137442808265,0.5856302171056424,-0.3793776938711765,0.35428799103680947,0.06388720908135168,0.02931896657783127
SWE,2005-10-31,-0.06371342137926228,0.13247663855613884,-0.10822433781126972,0.03879750624698468,0.09367913230915416,0.06811647282481595,-0.17634081063608567,-0.025089702834367,-0.03862371854489528,0.19619005993540112,-0.24070097636740856
SWE,2005-11-30,0.12042725281332999,0.3750897079177891,0.03832791104610575,0.13247663855613884,0.24261306936165028,-0.10822433781126972,0.14655224885737547,-0.06371342137926228,0.18414067419259228,0.2546624551044591,-0.3367617968716834
SWE,2005-12-31,-0.2535249770106393,0.16633880739091628,-0.1953785311851727,0.3750897079177891,-0.20875090052687284,0.03832791104610575,-0.23370644223127846,0.12042725281332999,-0.3739522298239693,0.4198637844015556,-0.361717338576089
SWE,2006-01-31,-0.4394097226411088,-0.11837587330781453,-0.2207249917343077,0.16633880739091628,-0.2847146806987308,-0.1953785311851727,-0.025346460549135003,-0.2535249770106393,-0.18588474563046947,0.32103384933329426,-0.10234911842649318
SWE,2006-02-28,0.2962224002591116,0.46165318128480964,0.21848189020597897,-0.11837587330781453,0.5800290545926242,-0.2207249917343077,0.4392068819402867,-0.4394097226411088,0.7356321229002204,0.16543078102569803,-0.24317129107883068
SWE,2006-03-31,0.2308096724692616,0.20741035765436824,0.3091368084980643,0.46165318128480964,-0.2542428236304414,0.21848189020597897,0.09065491829208533,0.2962224002591116,-0.06541272778985002,-0.02339931481489335,0.10172645084369605
SWE,2006-04-30,-0.0028942822982859972,0.31300671126748053,0.2127772769553073,0.20741035765436824,0.10559635361311229,0.3091368084980643,-0.096359531542757,0.2308096724692616,-0.2337039547675476,0.3159009935657665,-0.10022943431217324
SWE,2006-05-31,0.026632233384094935,0.22729957612664628,-0.07056735071583801,0.31300671126748053,-0.08570713514083425,0.2127772769553073,-0.2833446276711453,-0.0028942822982859972,0.029526515682380933,0.20066734274255135,-0.2978669268424843
SWE,2006-06-30,0.27392502878090785,0.27113699257558915,0.05901715734074115,0.22729957612664628,0.04383741644894287,-0.07056735071583801,0.12958450805657917,0.026632233384094935,0.24729279539681293,-0.0027880362053187002,-0.212119835234848
SWE,2006-07-31,0.07817287146002436,-0.02316783139241157,-0.10321124660492735,0.27113699257558915,-0.29430482396800073,0.05901715734074115,-0.1622284039456685,0.27392502878090785,-0.1957521573208835,-0.10134070285243593,-0.08004341521251579
SWE,2006-08-31,-0.15237022624664223,-0.46181220800917006,-0.20786783604803685,-0.02316783139241157,-0.4386443766167585,-0.10321124660492735,-0.1046565894431095,0.07817287146002436,-0.2305430977066666,-0.3094419817625278,0.2539443719611332
SWE,2006-09-30,-0.1087778161272322,-0.2848753240309779,-0.27427413274710727,-0.46181220800917006,0.17693688397819218,-0.20786783604803685,-0.06640629669907042,-0.15237022624664223,0.043592410119410036,-0.17609750790374568,0.010601191283870603
SWE,2006-10-31,-0.04570198925185555,-0.34748229737294317,-0.172291606218064,-0.2848753240309779,-0.0626069733419653,-0.27427413274710727,0.10198252652904327,-0.1087778161272322,0.06307582687537665,-0.30178030812108764,0.17519069115487917
SWE,2006-11-30,0.12438187824679281,-0.0838460163553511,-0.08992211227906997,-0.34748229737294317,0.26363628101759207,-0.172291606218064,0.08236949393899402,-0.04570198925185555,0.17008386749864834,-0.20822789460214391,-0.006076095923718869
SWE,2006-12-31,0.10788916661818213,-0.3079303431088445,0.1462191892975323,-0.0838460163553511,-0.22408432675349338,-0.08992211227906997,0.2361413015766023,0.12438187824679281,-0.016492711628610685,-0.41581950972702664,0.4541495324063768
SWE,2007-01-31,0.10913891600921441,-0.40089428291380047,-0.09051812527010263,-0.3079303431088445,-0.09296393980495599,0.1462191892975323,-0.23673731456763492,0.10788916661818213,0.0012497493910322843,-0.5100331989230149,0.31037615764369786
SWE,2007-02-28,-0.16558136058837492,-0.2820179335514272,-0.4685615465297473,-0.40089428291380047,0.11887634936237329,-0.09051812527010263,-0.3780434212596447,0.10913891600921441,-0.27472027659758935,-0.11643657296305227,-0.18654361297832012
SWE,2007-03-31,0.291467911519669,-0.11780500652152896,0.07006156326843838,-0.2820179335514272,0.1642129270298982,-0.4685615465297473,0.5386231097981857,-0.16558136058837492,0.4570492721080439,-0.409272918041198,0.18786656978996735
SWE,2007-04-30,-0.5227954911740819,-0.2584399222211771,-0.7794466495063163,-0.11780500652152896,-0.14063491569964814,0.07006156326843838,-0.8495082127747546,0.291467911519669,-0.8142634026937509,0.26435556895290474,-0.5210067272851391
SWE,2007-05-31,0.4588627197602203,-0.24696350807668588,0.467891690036657,-0.2584399222211771,0.011476414144491243,-0.7794466495063163,1.2473383395429734,-0.5227954911740819,0.9816582109343022,-0.7058262278369062,0.7148551981133429
SWE,2007-06-30,-0.14875324482473615,-0.4195861519123882,-0.2849684365820391,-0.24696350807668588,-0.1726226438357023,0.467891690036657,-0.7528601266186961,0.4588627197602203,-0.6076159645849565,-0.27083290708765206,0.1346177153303491
SWE,2007-07-31,0.06757854125657661,-0.4121749366538167,-0.240995526277288,-0.4195861519123882,0.007411215258571469,-0.2849684365820391,0.04397291030475106,-0.14875324482473615,0.21633178608131276,-0.47975347791039336,0.1711794103765287
SWE,2007-08-31,0.24951556222733623,-0.5165422190515921,-0.03938923046883782,-0.4121749366538167,-0.10436728239777543,-0.240995526277288,0.2016062958084502,0.06757854125657661,0.18193702097075962,-0.7660577812789284,0.47715298858275434
SWE,2007-09-30,0.3708156270592315,-0.36596920667136684,-0.04168325482926525,-0.5165422190515921,0.1505730123802253,-0.03938923046883782,-0.0022940243604274296,0.24951556222733623,0.12130006483189526,-0.7367848337305983,0.32428595184210157
SWE,2007-10-31,-0.20422007932340866,-0.5295652984247982,-0.703607973476119,-0.36596920667136684,-0.16359609175343132,-0.04168325482926525,-0.6619247186468538,0.3708156270592315,-0.5750357063826401,-0.32534521910138947,-0.17404267505132087
SWE,2007-11-30,0.5443164331826019,-0.02438841896068071,0.22403677729998928,-0.5295652984247982,0.5051768794641175,-0.703607973476119,0.9276447507761083,-0.20422007932340866,0.7485365125060106,-0.5687048521432826,0.24842519626067
SWE,2007-12-31,0.19352453465995895,-0.4776859180170992,0.1629472878766971,-0.02438841896068071,-0.4532974990564185,0.22403677729998928,-0.061089489423292176,0.5443164331826019,-0.350791898522643,-0.6712104526770581,0.6406332058937962
SWE,2008-01-31,0.3765023037713809,-0.8081663809420805,-0.00324949676738907,-0.4776859180170992,-0.3304804629249813,0.1629472878766971,-0.16619678464408616,0.19352453465995895,0.18297776911142194,-1.1846686847134613,0.8049168841746914
SWE,2008-02-29,0.5403333179600036,-0.41271577167766105,0.1281848171152009,-0.8081663809420805,0.39545060926441944,-0.00324949676738907,0.13143431388258997,0.3765023037713809,0.16383101418862273,-0.9530490896376647,0.540900588792862
SWE,2008-03-31,-0.19168831366399716,-0.5337628697249148,-0.5418677321390182,-0.41271577167766105,-0.12104709804725378,0.1281848171152009,-0.6700525492542191,0.5403333179600036,-0.7320216316240008,-0.34207455606091763,-0.008104862414103353
SWE,2008-04-30,0.11169554692432647,-0.6253695198844977,-0.21503964910004275,-0.5337628697249148,-0.09160665015958291,-0.5418677321390182,0.3268280830389754,-0.19168831366399716,0.3033838605883236,-0.7370650668088242,0.410329870784455
SWE,2008-05-31,0.3307923236563986,-0.6328799862306493,0.2163953479896936,-0.6253695198844977,-0.007510466346151601,-0.21503964910004275,0.4314349970897363,0.11169554692432647,0.21909677673207212,-0.9636723098870479,0.849275334220343
SWE,2008-06-30,0.5691185058175267,-0.5930410896687247,-0.586022624443234,-0.6328799862306493,0.03983889656192463,0.2163953479896936,-0.8024179724329277,0.3307923236563986,0.23832618216112805,-1.1621595954862514,0.0070184652254906554
SWE,2008-07-31,0.5273911495231497,-0.7529946011265458,0.27629806233698295,-0.5930410896687247,-0.1599535114578211,-0.586022624443234,0.862320686780217,0.5691185058175267,-0.04172735629437696,-1.2803857506496956,1.0292926634635289
SWE,2008-08-31,-0.22840587942123466,-0.8370033556968552,-0.5233581552312195,-0.7529946011265458,-0.08400875457030943,0.27629806233698295,-0.7996562175682025,0.5273911495231497,-0.7557970289443844,-0.6085974762756206,0.3136452004656357
SWE,2008-09-30,-0.4423589796451035,-0.8067174069772834,-1.2498075895584813,-0.8370033556968552,0.030285948719571798,-0.5233581552312195,-0.7264494343272617,-0.22840587942123466,-0.21395310022386885,-0.36435842733217993,-0.4430901825811978
SWE,2008-10-31,0.9618018072373063,-0.04828979631705899,0.32805185734055975,-0.8067174069772834,0.7584276106602245,-1.2498075895584813,1.577859446899041,-0.4423589796451035,1.40416078688241,-1.0100916035543654,0.37634165365761874
SWE,2008-11-30,0.6305130564884602,0.4232721001891469,0.20559470206758565,-0.04828979631705899,0.4715618965062059,0.32805185734055975,-0.1224571552729741,0.9618018072373063,-0.3312887507488461,-0.20724095629931333,-0.21767739812156126
SWE,2008-12-31,0.0654688979490241,0.2772330436912541,-0.11638496744393878,0.4232721001891469,-0.14603905649789278,0.20559470206758565,-0.32197966951152446,0.6305130564884602,-0.5650441585394361,0.21176414574223001,-0.3936180111351929
SWE,2009-01-31,-0.5819446583899537,0.10826102515485891,-0.9434755302050314,0.2772330436912541,-0.1689720185363952,-0.11638496744393878,-0.8270905627610926,0.0654688979490241,-0.6474135563389778,0.6902056835448126,-1.0517365553598903
SWE,2009-02-28,-0.0706365658373896,0.27184625104934057,-0.16665519009907018,0.10826102515485891,0.16358522589448166,-0.9434755302050314,0.7768203401059612,-0.5819446583899537,0.511308092552564,0.34248281688673016,-0.4385014411484107
SWE,2009-03-31,0.3880308964143103,0.6702608864919481,0.2649575992383746,0.27184625104934057,0.3984146354426076,-0.16665519009907018,0.43161278933744474,-0.0706365658373896,0.4586674622516999,0.2822299900776378,-0.40530328725357356
SWE,2009-04-30,0.083205422955034,0.3053380224254495,0.08639182564250204,0.6702608864919481,-0.36492286406649865,0.2649575992383746,-0.17856577359587256,0.3880308964143103,-0.30482547345927635,0.2221325994704155,-0.21894619678294747
SWE,2009-05-31,-1.2524416560566962,0.20273164460648196,-1.101251659240067,0.3053380224254495,-0.10260637781896753,0.08639182564250204,-1.187643484882569,0.083205422955034,-1.3356470790117303,1.4551733006631782,-1.303983303846549
SWE,2009-06-30,-0.44295272482438797,0.42514704411604803,-0.11137416055224161,0.20273164460648196,0.22241539950956607,-1.101251659240067,0.9898774986878254,-1.2524416560566962,0.8094889312323083,0.868099768940436,-0.5365212046682897
SWE,2009-07-31,-0.957489875701533,0.3276049279037699,-0.7662073458130164,0.42514704411604803,-0.09754211621227815,-0.11137416055224161,-0.6548331852607748,-0.44295272482438797,-0.514537150877145,1.285094803605303,-1.0938122737167864
SWE,2009-08-31,-0.7313519923998091,0.16949571817305473,-0.5067939237105973,0.3276049279037699,-0.15810920973071516,-0.7662073458130164,0.25941342210241913,-0.957489875701533,0.2261378833017239,0.9008477105728638,-0.676289641883652
SWE,2009-09-30,-0.3212417113914948,0.42459241977401496,0.013612530846153797,0.16949571817305473,0.2550967016009602,-0.5067939237105973,0.520406454556751,-0.7313519923998091,0.41011028100831426,0.7458341311655098,-0.4109798889278612
SWE,2009-10-31,-0.5792068286885959,0.4953775083725295,-0.433352310454378,0.42459241977401496,0.07078508859851451,0.013612530846153797,-0.4469648413005318,-0.3212417113914948,-0.25796511729710103,1.0745843370611254,-0.9287298188269075
SWE,2009-11-30,-0.338064780168334,0.5381124303788923,-0.09007320345653827,0.4953775083725295,0.04273492200636286,-0.433352310454378,0.3432791069978397,-0.5792068286885959,0.24114204852026183,0.8761772105472263,-0.6281856338354306
SWE,2009-12-31,-0.2817230109113205,0.3819373392835715,0.12252722612032634,0.5381124303788923,-0.15617509109532085,-0.09007320345653827,0.2126004295768646,-0.338064780168334,0.05634176925701351,0.663660350194892,-0.25941011316324514
SWE,2010-01-31,-0.09471353575993566,0.46338530946485446,0.46280219502582937,0.3819373392835715,0.08144797018128297,0.12252722612032634,0.340274968905503,-0.2817230109113205,0.18700947515138486,0.5580988452247901,-0.0005831144390250897
SWE,2010-02-28,-0.6191513421174798,0.35948812899784155,-0.414350633759168,0.46338530946485446,-0.1038971804670129,0.46280219502582937,-0.8771528287849973,-0.09471353575993566,-0.5244378063575441,0.9786394711153213,-0.7738387627570096
SWE,2010-03-31,-0.2728231844162291,0.2544518075139141,0.09781480417317208,0.35948812899784155,-0.10503632148392744,-0.414350633759168,0.51216543793234,-0.6191513421174798,0.3463281577012507,0.5272749919301432,-0.15663700334074204
SWE,2010-04-30,-0.2821193991842533,0.2350265863798433,0.12016005079953643,0.2544518075139141,-0.019425221134070803,0.09781480417317208,0.02234524662636435,-0.2728231844162291,-0.009296214768024225,0.5171459855640966,-0.11486653558030688
SWE,2010-05-31,-0.5813674861904389,-0.09311863641253984,-0.6374350408286398,0.2350265863798433,-0.3281452227923831,0.12016005079953643,-0.7575950916281762,-0.2821193991842533,-0.29924808700618555,0.48824884977789906,-0.5443164044161
SWE,2010-06-30,-0.44223351745854356,-0.014045637925464802,-0.29515263272750053,-0.09311863641253984,0.07907299848707504,-0.6374350408286398,0.34228240810113925,-0.5813674861904389,0.13913396873189532,0.42818787953307874,-0.2811069948020357
SWE,2010-07-31,-0.10264793906907352,-0.05177658728184312,0.18008058014498066,-0.014045637925464802,-0.037730949356378315,-0.29515263272750053,0.4752332128724812,-0.44223351745854356,0.33958557838947,0.0508713517872304,0.23185716742682377
SWE,2010-08-31,-0.4054336918373491,-0.24396976658851813,-0.22420463186441592,-0.05177658728184312,-0.192193179306675,0.18008058014498066,-0.4042852120093966,-0.10264793906907352,-0.3027857527682756,0.161463925248831,0.019765134724102212
SWE,2010-09-30,-0.7714265820307616,-0.45685297394500457,-0.609001144462448,-0.24396976658851813,-0.21288320735648644,-0.22420463186441592,-0.3847965125980321,-0.4054336918373491,-0.3659928901934125,0.3145736080857571,-0.15214817051744345
SWE,2010-10-31,0.12907578258390148,-0.13428417621886043,0.42334715373198495,-0.45685297394500457,0.3225687977261441,-0.609001144462448,1.032348298194433,-0.7714265820307616,0.9005023646146632,-0.2633599588027619,0.5576313299508454
SWE,2010-11-30,-0.43476406075596064,-0.26303827609138514,-0.3737532432024043,-0.13428417621886043,-0.1287540998725247,0.42334715373198495,-0.7971003969343893,0.12907578258390148,-0.5638398433398621,0.1717257846645755,-0.11071496711101914
SWE,2010-12-31,-0.03860563817084661,-0.13871299560736244,0.27681339418903733,-0.26303827609138514,0.1243252804840227,-0.3737532432024043,0.6505666373914416,-0.43476406075596064,0.396158422585114,-0.10010735743651583,0.4155263897963998
SWE,2011-01-31,-0.3674162491815478,-0.23720231151625304,-0.19209061910473887,-0.13871299560736244,-0.0984893159088906,0.27681339418903733,-0.4689040132937762,-0.03860563817084661,-0.3288106110107012,0.13021393766529477,0.045111692411514165
SWE,2011-02-28,-0.07804421214732803,-0.12416394025884805,0.10665005231435473,-0.23720231151625304,0.11303837125740498,-0.19209061910473887,0.2987406714190936,-0.3674162491815478,0.28937203703421976,-0.04611972811152003,0.2308139925732028
SWE,2011-03-31,-0.006115946843506692,-0.3836765072159964,0.1374246857470363,-0.12416394025884805,-0.2595125669571483,0.10665005231435473,0.03077463343268158,-0.07804421214732803,0.07192826530382133,-0.3775605603724897,0.5211011929630327
SWE,2011-04-30,0.0934728075746532,-0.06682205841145311,0.30271418787710497,-0.3836765072159964,0.3168544488045433,0.1374246857470363,0.16528950213006866,-0.006115946843506692,0.0995887544181599,-0.16029486598610632,0.3695362462885581
SWE,2011-05-31,-0.46859851923195117,-0.7084081555371724,-0.412083171008354,-0.06682205841145311,-0.6415860971257192,0.30271418787710497,-0.714797358885459,0.0934728075746532,-0.5620713268066044,-0.23980963630522123,0.2963249845288184
SWE,2011-06-30,-0.12052078108897242,-0.19845617615715397,-0.005629580654040199,-0.7084081555371724,0.5099519793800185,-0.412083171008354,0.40645359035431383,-0.46859851923195117,0.34807773814297877,-0.07793539506818155,0.19282659550311376
SWE,2011-07-31,0.11078282834605499,-0.5340868518724915,0.45475933835725585,-0.19845617615715397,-0.33563067571533756,-0.005629580654040199,0.460388919011296,-0.12052078108897242,0.23130360943502742,-0.6448696802185465,0.9888461902297474
SWE,2011-08-31,0.11394335955996662,-0.6092412258041493,-0.12036689749139257,-0.5340868518724915,-0.0751543739316578,0.45475933835725585,-0.5751262358486484,0.11078282834605499,0.0031605312139116326,-0.7231845853641159,0.48887432831275673
SWE,2011-09-30,0.046813007020775954,-0.31291846711735005,0.11844927540693759,-0.6092412258041493,0.29632275868679925,-0.12036689749139257,0.23881617289833015,0.11394335955996662,-0.06713035253919067,-0.359731474138126,0.43136774252428767
SWE,2011-10-31,-0.5205093340404034,-0.8746952130102206,-0.3439889262020379,-0.31291846711735005,-0.5617767458928705,0.11844927540693759,-0.46243820160897553,0.046813007020775954,-0.5673223410611794,-0.3541858789698171,0.5307062868081827
SWE,2011-11-30,-0.6320302422496432,-0.8197761107821014,-0.659471356885392,-0.8746952130102206,0.05491910222811913,-0.3439889262020379,-0.31548243068335413,-0.5205093340404034,-0.11152090820923977,-0.18774586853245823,0.1603047538967094
SWE,2011-12-31,-0.6001882719040452,-0.8306499707465079,-0.4542340344967306,-0.8197761107821014,-0.010873859964406485,-0.659471356885392,0.20523732238866144,-0.6320302422496432,0.03184197034559799,-0.2304616988424627,0.3764159362497773
SWE,2012-01-31,-0.7768787771339506,-1.3106439156619556,-0.1998464358928281,-0.8306499707465079,-0.47999394491544767,-0.4542340344967306,0.2543875986039025,-0.6001882719040452,-0.17669050522990537,-0.533765138528005,1.1107974797691276
SWE,2012-02-29,-0.6309739690715959,-0.8014925969271303,-0.721427704709195,-1.3106439156619556,0.5091513187348253,-0.1998464358928281,-0.5215812688163669,-0.7768787771339506,0.14590480806235473,-0.1705186278555344,0.08006489221793522
SWE,2012-03-31,-1.290395572544154,-0.9657672754461539,-1.2875775198881765,-0.8014925969271303,-0.16427467851902366,-0.721427704709195,-0.5661498151789814,-0.6309739690715959,-0.6594216034725582,0.3246282970980001,-0.32181024444202255
SWE,2012-04-30,-0.6705932190910233,-0.7186954819942825,-0.5346621424858546,-0.9657672754461539,0.24707179345187147,-1.2875775198881765,0.7529153774023218,-1.290395572544154,0.6198023534531307,-0.04810226290325914,0.18403333950842782
SWE,2012-05-31,-0.6681955711975998,-1.068315414930571,-0.26131632899622326,-0.7186954819942825,-0.34961993293628846,-0.5346621424858546,0.2733458134896314,-0.6705932190910233,0.00239764789342356,-0.40011984373297116,0.8069990859343477
SWE,2012-06-30,-0.424890022486844,-0.8412682438307028,-0.2376838182274802,-1.068315414930571,0.22704717109986816,-0.26131632899622326,0.023632510768743065,-0.6681955711975998,0.24330554871075577,-0.41637822134385877,0.6035844256032226
SWE,2012-07-31,-0.6593386784552628,-1.0002185813869655,-0.44279008748760146,-0.8412682438307028,-0.15895033755626276,-0.2376838182274802,-0.20510626926012127,-0.424890022486844,-0.23444865596841885,-0.34087990293170267,0.5574284938993641
SWE,2012-08-31,-0.7865520365393766,-1.3326989856510845,-0.3827093824124036,-1.0002185813869655,-0.33248040426411896,-0.44279008748760146,0.06008070507519786,-0.6593386784552628,-0.12721335808411371,-0.5461469491117079,0.9499896032386809
SWE,2012-09-30,-0.5269954343414736,-0.9449607664030224,-0.5766240419378972,-1.3326989856510845,0.38773821924806207,-0.3827093824124036,-0.19391465952549358,-0.7865520365393766,0.259556602197903,-0.41796533206154884,0.3683367244651252
SWE,2012-10-31,-0.3020697665662124,-0.8010580056991505,0.03326210115859879,-0.9449607664030224,0.14390276070387187,-0.5766240419378972,0.6098861430964959,-0.5269954343414736,0.22492566777526113,-0.4989882391329381,0.8343201068577493
SWE,2012-11-30,-0.153696833699749,-0.5677867933625274,0.1337429636362186,-0.8010580056991505,0.23327121233662318,0.03326210115859879,0.10048086247761981,-0.3020697665662124,0.14837293286646341,-0.41408995966277834,0.701529756998746
SWE,2012-12-31,-0.3310174781107087,-0.745861656663864,0.10867210354944502,-0.5677867933625274,-0.1780748633013366,0.1337429636362186,-0.025070860086773575,-0.153696833699749,-0.17732064441095968,-0.41484417855315525,0.854533760213309
SWE,2013-01-31,-1.101438107942295,-0.8174317694146085,-0.9005100576661573,-0.745861656663864,-0.07157011275074454,0.10867210354944502,-1.0091821612156024,-0.3310174781107087,-0.7704206298315863,0.28400633852768653,-0.08307828825154884
SWE,2013-02-28,-0.8640271961833809,-0.5559613210036284,-0.7859105194089843,-0.8174317694146085,0.2614704484109801,-0.9005100576661573,0.11459953825717306,-1.101438107942295,0.23741091175891416,0.3080658751797525,-0.22994919840535588
SWE,2013-03-31,-0.6573291802172105,-0.3234930871657825,-0.39712138330281,-0.5559613210036284,0.23246823383784587,-0.7859105194089843,0.38878913610617427,-0.8640271961833809,0.20669801596617032,0.33383609305142803,-0.07362829613702748
SWE,2013-04-30,-0.4216783234236916,-0.4332276860987261,-0.08851214802414284,-0.3234930871657825,-0.10973459893294357,-0.39712138330281,0.3086092352786671,-0.6573291802172105,0.23565085679351894,-0.01154936267503448,0.3447155380745832
SWE,2013-05-31,-0.44371561427962686,-0.41659777016835847,-0.15681621444773358,-0.4332276860987261,0.01662991593036761,-0.08851214802414284,-0.06830406642359074,-0.4216783234236916,-0.022037290855935254,0.027117844111268385,0.2597815557206249
SWE,2013-06-30,-0.726764394261121,-0.6666050588187329,-0.4045083619456993,-0.41659777016835847,-0.2500072886503744,-0.15681621444773358,-0.2476921474979657,-0.44371561427962686,-0.2830487799814942,0.06015933544238816,0.2620966968730336
SWE,2013-07-31,-0.8987692221631134,-0.8160438301684924,-0.5441516970874489,-0.6666050588187329,-0.14943877134975947,-0.4045083619456993,-0.13964333514174965,-0.726764394261121,-0.17200482790199234,0.08272539199462103,0.27189213308104343
SWE,2013-08-31,-0.5564270799275184,-0.633198881628199,-0.3744953371805563,-0.8160438301684924,0.18284494854029332,-0.5441516970874489,0.16965635990689265,-0.8987692221631134,0.342342142235595,-0.07677180170068065,0.25870354444764276
SWE,2013-09-30,-0.30241189402744917,-0.456725893683897,-0.11161433058969136,-0.633198881628199,0.17647298794430205,-0.3744953371805563,0.2628810065908649,-0.5564270799275184,0.2540151859000692,-0.15431399965644782,0.34511156309420565
SWE,2013-10-31,-0.5608877899975309,0.04707134343711068,-0.49093437592628386,-0.456725893683897,0.5037972371210077,-0.11161433058969136,-0.37932004533659247,-0.30241189402744917,-0.2584758959700817,0.6079591334346416,-0.5380057193633946
SWE,2013-11-30,-0.8068731468982339,-0.3609282605967308,-0.6114603317553136,0.04707134343711068,-0.40799960403384145,-0.49093437592628386,-0.1205259558290297,-0.5608877899975309,-0.245985356900703,0.4459448863015031,-0.2505320711585828
SWE,2013-12-31,-0.2680915509913148,-0.26012912010506095,0.1718473343191606,-0.3609282605967308,0.10079914049166983,-0.6114603317553136,0.7833076660744742,-0.8068731468982339,0.5387815959069191,0.007962430886253868,0.43197645442422156
SWE,2014-01-31,-0.38269208147643863,-0.3507507760622072,-0.09271215553015462,-0.26012912010506095,-0.09062165595714627,0.1718473343191606,-0.2645594898493152,-0.2680915509913148,-0.11460053048512381,0.0319413054142314,0.2580386205320526
SWE,2014-02-28,-0.09869502268697902,-0.06601974761488258,0.06078454126951463,-0.3507507760622072,0.2847310284473247,-0.09271215553015462,0.15349669679966926,-0.38269208147643863,0.2839970587894596,0.032675275072096444,0.1268042888843972
SWE,2014-03-31,-0.4885908594111559,-0.37691970087462295,-0.46017419328982634,-0.06601974761488258,-0.3108999532597404,0.06078454126951463,-0.5209587345593409,-0.09869502268697902,-0.3898958367241768,0.11167115853653292,-0.08325449241520338
SWE,2014-04-30,-0.573167830513615,-0.45590303585710934,-0.29883764391853196,-0.37691970087462295,-0.07898333498248639,-0.46017419328982634,0.16133654937129438,-0.4885908594111559,-0.0845769711024591,0.11726479465650563,0.15706539193857738
SWE,2014-05-31,-0.5766708806478005,-0.6128744068662705,-0.31394553770997197,-0.45590303585710934,-0.15697137100916114,-0.29883764391853196,-0.015107893791440008,-0.573167830513615,-0.0035030501341855036,-0.036203526218470006,0.2989288691562985
SWE,2014-06-30,-0.5330631063819309,-0.547270168681346,-0.3548593788103096,-0.6128744068662705,0.06560423818492445,-0.31394553770997197,-0.04091384110033763,-0.5766708806478005,0.04360777426586959,-0.014207062299415152,0.19241078987103644
SWE,2014-07-31,-0.4826967172840302,-0.5745868712241039,-0.3839049532791733,-0.547270168681346,-0.027316702542757865,-0.3548593788103096,-0.02904557446886369,-0.5330631063819309,0.0503663890979007,-0.09189015394007372,0.1906819179449306
SWE,2014-08-31,-0.4606804643418523,-0.7931847107449836,-0.3150480882866498,-0.5745868712241039,-0.21859783952087974,-0.3839049532791733,0.06885686499252347,-0.4826967172840302,0.022016252942177905,-0.33250424640313136,0.4781366224583338
SWE,2014-09-30,-0.35693703522615594,-0.011253525540355663,-0.20068522541744893,-0.7931847107449836,0.781931185204628,-0.3150480882866498,0.11436286286920089,-0.4606804643418523,0.10374342911569634,0.3456835096858003,-0.18943169987709327
SWE,2014-10-31,0.05938080985075275,0.11635066466396413,0.04265558062749837,-0.011253525540355663,0.1276041902043198,-0.20068522541744893,0.2433408060449473,-0.35693703522615594,0.4163178450769087,0.056969854813211374,-0.07369508403646576
SWE,2014-11-30,-0.040197978671888415,0.1632364707982147,0.024487464794753402,0.11635066466396413,0.046885806134250585,0.04265558062749837,-0.01816811583274497,0.05938080985075275,-0.09957878852264117,0.20343444947010314,-0.1387490060034613
SWE,2014-12-31,-0.549121020600452,-0.5605174227914518,-0.24095302523194417,0.1632364707982147,-0.7237538935896665,0.024487464794753402,-0.26544049002669756,-0.040197978671888415,-0.5089230419285635,-0.0113964021909998,0.3195643975595076
SWE,2015-01-31,-0.3859082484683534,-0.3352470582269882,-0.37006589704463316,-0.5605174227914518,0.2252703645644636,-0.24095302523194417,-0.129112871812689,-0.549121020600452,0.16321277213209856,0.05066119024136523,-0.03481883881764497
SWE,2015-02-28,-0.13653752991057921,0.07910439971683937,-0.271596559126674,-0.3352470582269882,0.41435145794382755,-0.37006589704463316,0.09846933791795914,-0.3859082484683534,0.2493707185577742,0.21564192962741857,-0.3507009588435134
SWE,2015-03-31,-0.27499105721135825,0.08763826937852089,-0.36593918421462157,0.07910439971683937,0.008533869661681515,-0.271596559126674,-0.09434262508794755,-0.13653752991057921,-0.13845352730077903,0.3626293265898791,-0.45357745359314244
SWE,2015-04-30,0.09656990621010689,-0.052907553811324295,0.4045696994579176,0.08763826937852089,-0.14054582318984518,-0.36593918421462157,0.7705088836725391,-0.27499105721135825,0.37156096342146516,-0.1494774600214312,0.4574772532692419
SWE,2015-05-31,-0.6295033881483172,-0.4056623260854436,-0.7322204688391001,-0.052907553811324295,-0.35275477227411933,0.4045696994579176,-1.1367901682970176,0.09656990621010689,-0.726073294358424,0.22384106206287357,-0.32655814275365647
SWE,2015-06-30,-0.13446114547830706,-0.10684097660862937,-0.24833310434250588,-0.4056623260854436,0.29882134947681427,-0.7322204688391001,0.4838873644965942,-0.6295033881483172,0.4950422426700101,0.02762016886967769,-0.1414921277338765
SWE,2015-07-31,-0.40690613655677155,-0.3092189511444525,-0.41242619793028384,-0.10684097660862937,-0.20237797453582315,-0.24833310434250588,-0.16409309358777796,-0.13446114547830706,-0.2724449910784645,0.09768718541231902,-0.10320724678583132
SWE,2015-08-31,-0.6351776142080012,-0.5617903298978728,-0.5870306926535531,-0.3092189511444525,-0.2525713787534203,-0.41242619793028384,-0.17460449472326928,-0.40690613655677155,-0.22827147765122968,0.07338728431012842,-0.025240362755680312
SWE,2015-09-30,-0.20341394904823565,-0.5197751667545046,-0.15792425268594706,-0.5617903298978728,0.04201516314336817,-0.5870306926535531,0.42910643996760606,-0.6351776142080012,0.4317636651597656,-0.316361217706269,0.36185091406855757
SWE,2015-10-31,-0.22377534526240872,-0.38457327179794887,-0.35712624637625223,-0.5197751667545046,0.13520189495655577,-0.15792425268594706,-0.19920199369030517,-0.20341394904823565,-0.020361396214173072,-0.16079792653554015,0.027447025421696636
SWE,2015-11-30,-0.013008921205097668,-0.39423464801508473,-0.09472783265032078,-0.38457327179794887,-0.009661376217135864,-0.35712624637625223,0.2623984137259314,-0.22377534526240872,0.21076642405731105,-0.38122572680998706,0.299506815364764
SWE,2015-12-31,-0.5307556273383323,-0.17878451253528727,-0.5992453236518869,-0.39423464801508473,0.21545013547979747,-0.09472783265032078,-0.5045174910015661,-0.013008921205097668,-0.5177467061332346,0.351971114803045,-0.4204608111165996
SWE,2016-01-31,-0.4678843295478676,-0.4626853362814649,-0.4915443876883767,-0.17878451253528727,-0.28390082374617764,-0.5992453236518869,0.10770093596351016,-0.5307556273383323,0.06287129779046469,0.005198993266402663,-0.028859051406911806
SWE,2016-02-29,0.010196337726284144,-0.007045742406258132,-0.19819998114737752,-0.4626853362814649,0.4556395938752068,-0.4915443876883767,0.2933444065409992,-0.4678843295478676,0.4780806672741517,-0.017242080132542276,-0.1911542387411194
SWE,2016-03-31,-0.30596479815552896,-0.011799623821836969,-0.2648851380494742,-0.007045742406258132,-0.004753881415578837,-0.19819998114737752,-0.0666851569020967,0.010196337726284144,-0.3161611358818131,0.294165174333692,-0.25308551422763725
SWE,2016-04-30,0.7444921224019345,0.6643301183057765,1.1344820326639098,-0.011799623821836969,0.6761297421276135,-0.2648851380494742,1.3993671707133841,-0.30596479815552896,1.0504569205574634,-0.08016200409615803,0.4701519143581333
SWE,2016-05-31,-0.0309629885974353,0.21420803796284377,-0.2492679265458287,0.6643301183057765,-0.4501220803429327,1.1344820326639098,-1.3837499592097384,0.7444921224019345,-0.7754551109993698,0.24517102656027906,-0.46347596450867246
SWE,2016-06-30,0.02047933587487537,0.42270075464211687,-0.38355763077019167,0.21420803796284377,0.2084927166792731,-0.2492679265458287,-0.13428970422436298,-0.0309629885974353,0.051442324472310674,0.4022214187672415,-0.8062583854123085
SWE,2016-07-31,0.09588187953663087,-0.06994850600868889,0.055361233369066634,0.42270075464211687,-0.4926492606508058,-0.38355763077019167,0.4389188641392583,0.02047933587487537,0.0754025436617555,-0.16583038554531976,0.12530973937775552
SWE,2016-08-31,-0.2973513419337843,-0.46245314110668323,-0.45617435202244827,-0.06994850600868889,-0.3925046350979943,0.055361233369066634,-0.5115355853915149,0.09588187953663087,-0.3932332214704152,-0.1651017991728989,0.006278789084234959
SWE,2016-09-30,-0.6153253670800125,-0.5718519262995408,-0.4227209531703059,-0.46245314110668323,-0.10939878519285762,-0.45617435202244827,0.03345339885214238,-0.2973513419337843,-0.3179740251462282,0.04347344078047166,0.14913097312923496
SWE,2016-10-31,-0.6119578278328378,-0.6296617603190732,-0.748389887051155,-0.5718519262995408,-0.057809834019532325,-0.4227209531703059,-0.32566893388084905,-0.6153253670800125,0.0033675392471747,-0.017703932486235363,-0.11872812673208177
SWE,2016-11-30,-0.2981680912025217,-0.3465142302553318,-0.4664361494141213,-0.6296617603190732,0.2831475300637414,-0.748389887051155,0.28195373763703363,-0.6119578278328378,0.3137897366303161,-0.0483461390528101,-0.11992191915878953
SWE,2016-12-31,-0.29028748586571396,-0.27726576874189446,-0.6373656282873208,-0.3465142302553318,0.06924846151343733,-0.4664361494141213,-0.17092947887319948,-0.2981680912025217,0.007880605336807733,0.013021717123819498,-0.36009985954542634
SWE,2017-01-31,-0.5062906512768091,-0.9321463967865666,-0.2788145809596426,-0.27726576874189446,-0.6548806280446722,-0.6373656282873208,0.3585510473276782,-0.29028748586571396,-0.2160031654110951,-0.4258557455097576,0.653331815826924
SWE,2017-02-28,-0.4477551342588228,-0.9084634433764731,-0.47117774631156617,-0.9321463967865666,0.02368295341009352,-0.2788145809596426,-0.19236316535192355,-0.5062906512768091,0.05853551701798626,-0.4607083091176503,0.43728569706490694
SWE,2017-03-31,-0.15950894444686747,-0.3942744868435256,-0.3301997684735448,-0.9084634433764731,0.5141889565329475,-0.47117774631156617,0.14097797783802135,-0.4477551342588228,0.2882461898119553,-0.23476554239665814,0.0640747183699808
SWE,2017-04-30,0.0519227070222311,0.11383467221635728,-0.22678212414975626,-0.3942744868435256,0.5081091590598829,-0.3301997684735448,0.10341764432378855,-0.15950894444686747,0.21143165146909856,0.06191196519412618,-0.34061679636611353
SWE,2017-05-31,0.006752037949509598,0.15485899154812383,-0.4030806853585115,0.11383467221635728,0.04102431933176655,-0.22678212414975626,-0.17629856120875523,0.0519227070222311,-0.0451706690727215,0.14810695359861423,-0.5579396769066354
SWE,2017-06-30,0.36883177470706524,0.07424390478767219,0.16620628278782174,0.15485899154812383,-0.08061508676045163,-0.4030806853585115,0.5692869681463333,0.006752037949509598,0.36207973675755567,-0.29458786991939306,0.09196237800014954
SWE,2017-07-31,0.07549467055929138,-0.21606392777726113,-0.0391554069128414,0.07424390478767219,-0.2903078325649333,0.16620628278782174,-0.20536168970066315,0.36883177470706524,-0.29333710414777386,-0.2915585983365525,0.17690852086441972
SWE,2017-08-31,-0.061139559719951025,-0.412757554920156,0.0004992367970912404,-0.21606392777726113,-0.19669362714289484,-0.0391554069128414,0.039654643709932644,0.07549467055929138,-0.1366342302792424,-0.351617995200205,0.4132567917172472
SWE,2017-09-30,0.07378868834323016,-0.05841426258435241,0.13251161777187742,-0.412757554920156,0.3543432923358036,0.0004992367970912404,0.13201238097478618,-0.061139559719951025,0.13492824806318118,-0.13220295092758255,0.19092588035622982
SWE,2017-10-31,0.18030396858113729,0.3386258378515878,0.041551550832589185,-0.05841426258435241,0.3970401004359402,0.13251161777187742,-0.09096006693928824,0.07378868834323016,0.10651528023790713,0.1583218692704505,-0.29707428701899863
SWE,2017-11-30,-0.14012092303045276,-0.3359253314544752,-0.14584050455948658,0.3386258378515878,-0.674551169306063,0.041551550832589185,-0.18739205539207576,0.18030396858113729,-0.32042489161159005,-0.1958044084240224,0.1900848268949886
SWE,2017-12-31,0.32123480216145445,-0.055866563573430096,0.3544215166109258,-0.3359253314544752,0.28005876788104506,-0.14584050455948658,0.5002620211704124,-0.14012092303045276,0.4613557251919072,-0.37710136573488456,0.4102880801843559
SWE,2018-01-31,-0.1543439451621426,-0.6756824799804796,0.07508509903679994,-0.055866563573430096,-0.6198159164070495,0.3544215166109258,-0.27933641757412586,0.32123480216145445,-0.47557874732359706,-0.521338534818337,0.7507675790172795
SWE,2018-02-28,0.11628528125228221,-0.36931928830743305,0.05157719585026922,-0.6756824799804796,0.30636319167304654,0.07508509903679994,-0.023507903186530718,-0.1543439451621426,0.2706292264144248,-0.48560456955971526,0.42089648415770226
SWE,2018-03-31,0.5223998235274115,0.26619065784792495,0.9311560018846237,-0.36931928830743305,0.6355099461553579,0.05157719585026922,0.8795788060343545,0.11628528125228221,0.40611454227512933,-0.2562091656794866,0.6649653440366987
SWE,2018-04-30,-0.05632555893469236,-0.32635288613124347,0.10278136602172352,0.26619065784792495,-0.5925435439791684,0.9311560018846237,-0.8283746358629002,0.5223998235274115,-0.5787253824621039,-0.2700273271965511,0.42913425215296697
SWE,2018-05-31,-0.015802891055026445,-0.4856326469141444,0.21846311865245813,-0.32635288613124347,-0.1592797607829009,0.10278136602172352,0.1156817526307346,-0.05632555893469236,0.04052266787966592,-0.4698297558591179,0.7040957655666025
SWE,2018-06-30,0.31447309483783503,-0.12531816272034704,0.4125871350281858,-0.4856326469141444,0.3603144841937973,0.21846311865245813,0.19412401637572765,-0.015802891055026445,0.3302759858928615,-0.43979125755818205,0.5379052977485328
SWE,2018-07-31,-0.27212358776660955,-0.8257762769952939,-0.08931793248735889,-0.12531816272034704,-0.7004581142749469,0.4125871350281858,-0.5019050675155446,0.31447309483783503,-0.5865966826044446,-0.5536526892286844,0.736458344507935
SWE,2018-08-31,-0.5509029312252847,-0.9965271729205737,-0.4280923562571581,-0.8257762769952939,-0.1707508959252798,-0.08931793248735889,-0.33877442376979916,-0.27212358776660955,-0.2787793434586751,-0.445624241695289,0.5684348166634157
SWE,2018-09-30,-0.2501574492264252,-0.9075317624311541,0.07644359266226511,-0.9965271729205737,0.08899541048941961,-0.4280923562571581,0.5045359489194232,-0.5509029312252847,0.3007454819988595,-0.6573743132047289,0.9839753550934192
SWE,2018-10-31,0.05786379145161454,-1.0111068385284907,0.3548566505113976,-0.9075317624311541,-0.10357507609733663,0.07644359266226511,0.2784130578491325,-0.2501574492264252,0.3080212406780397,-1.0689706299801052,1.3659634890398884
SWE,2018-11-30,-0.03234389386554139,-0.5649714519246304,0.13615931901064882,-1.0111068385284907,0.4461353866038603,0.3548566505113976,-0.21869733150074877,0.05786379145161454,-0.09020768531715592,-0.532627558059089,0.7011307709352792
SWE,2018-12-31,-0.07599336050344377,-0.810824088947311,0.21680655236144283,-0.5649714519246304,-0.24585263702268056,0.13615931901064882,0.08064723335079402,-0.03234389386554139,-0.04364946663790238,-0.7348307284438672,1.0276306413087537
SWE,2019-01-31,0.04873807058776649,-1.004196729391129,0.48219655713465287,-0.810824088947311,-0.19337264044381797,0.21680655236144283,0.26539000477321006,-0.07599336050344377,0.12473143109121027,-1.0529347999788954,1.4863932865257818
SWE,2019-02-28,-0.2728381637024726,-0.9244752000249756,-0.10851652187479832,-1.004196729391129,0.07972152936615329,0.48219655713465287,-0.5907130790094512,0.04873807058776649,-0.32157623429023907,-0.651637036322503,0.8159586781501773
SWE,2019-03-31,-0.1882331524509784,-0.5993201416588112,0.0006695159886811811,-0.9244752000249756,0.32515505836616443,-0.10851652187479832,0.1091860378634795,-0.2728381637024726,0.0846050112514942,-0.4110869892078328,0.5999896576474923
SWE,2019-04-30,-0.14926590269654783,-0.4675474821561636,0.12445810153414714,-0.5993201416588112,0.1317726595026476,0.0006695159886811811,0.12378858554546596,-0.1882331524509784,0.03896724975443058,-0.31828157945961577,0.5920055836903108
SWE,2019-05-31,0.35820390168025323,-0.45723214106975996,0.6708844533805833,-0.4675474821561636,0.01031534108640364,0.12445810153414714,0.5464263518464362,-0.14926590269654783,0.5074698043768011,-0.8154360427500131,1.1281165944503433
SWE,2019-06-30,0.06741150561048263,-0.31735356012781635,0.2406973810802004,-0.45723214106975996,0.1398785809419436,0.6708844533805833,-0.43018707230038294,0.35820390168025323,-0.2907923960697706,-0.384765065738299,0.5580509412080168
SWE,2019-07-31,-0.3529984204449199,-0.8177258683420771,-0.06974756281486297,-0.31735356012781635,-0.5003723082142607,0.2406973810802004,-0.3104449438950634,0.06741150561048263,-0.42040992605540256,-0.46472744789715714,0.7479783055272141
SWE,2019-08-31,0.1613774314742239,-0.6277959345969883,0.2881371688372125,-0.8177258683420771,0.1899299337450887,-0.06974756281486297,0.35788473165207546,-0.3529984204449199,0.5143758519191438,-0.7891733660712122,0.9159331034342009
SWE,2019-09-30,0.25528983232241387,-0.5291007420212774,0.4064791754791198,-0.6277959345969883,0.09869519257571091,0.2881371688372125,0.1183420066419073,0.1613774314742239,0.09391240084818997,-0.7843905743436913,0.9355799175003973
SWE,2019-10-31,-0.3585746892882276,-0.650598685155475,-0.3128133586838422,-0.5291007420212774,-0.1214979431341976,0.4064791754791198,-0.719292534162962,0.25528983232241387,-0.6138645216106415,-0.2920239958672474,0.33778532647163284
SWE,2019-11-30,0.05495171239649283,-0.1663818717688042,0.3374123127830668,-0.650598685155475,0.48421681338667083,-0.3128133586838422,0.650225671466909,-0.3585746892882276,0.41352640168472043,-0.22133358416529703,0.503794184551871
SWE,2019-12-31,-0.05321782068444797,-0.3398696149797167,0.2555533655969115,-0.1663818717688042,-0.17348774321091248,0.3374123127830668,-0.08185894718615533,0.05495171239649283,-0.1081695330809408,-0.2866517942952687,0.5954229805766282
SWE,2020-01-31,-0.1981014690106495,-0.5910820165705392,0.10386652109829475,-0.3398696149797167,-0.2512124015908225,0.2555533655969115,-0.15168684449861675,-0.05321782068444797,-0.14488364832620154,-0.39298054755988965,0.6949485376688339
SWE,2020-02-29,-0.4230070230175559,-0.3960095502783837,-0.46753841651267775,-0.5910820165705392,0.19507246629215547,0.10386652109829475,-0.5714049376109724,-0.1981014690106495,-0.22490555400690637,0.02699747273917219,-0.07152886623429405
SWE,2020-03-31,0.6825073490320519,0.21881899903818297,0.43297441344833587,-0.3960095502783837,0.6148285493165666,-0.46753841651267775,0.9005128299610137,-0.4230070230175559,1.105514372049608,-0.46368834999386893,0.2141554144101529
SWE,2020-04-30,4.204705767667373,2.361472164997967,4.848104191317905,0.21881899903818297,2.142653165959784,0.43297441344833587,4.415129777869569,0.6825073490320519,3.522198418635321,-1.843233602669406,2.486632026319938
SWE,2020-05-31,-0.6243979071532717,0.19806978108319334,-0.5467025362934891,2.361472164997967,-2.1634023839147734,4.848104191317905,-5.394806727611394,4.204705767667373,-4.829103674820645,0.822467688236465,-0.7447723173766825
SWE,2020-06-30,-1.3787820796781052,-0.08299887693776004,-1.0374799455316726,0.19806978108319334,-0.2810686580209534,-0.5467025362934891,-0.49077740923818347,-0.6243979071532717,-0.7543841725248335,1.295783202740345,-0.9544810685939125
SWE,2020-07-31,-0.8898654110054047,0.05021954737973061,-0.38190356201701425,-0.08299887693776004,0.13321842431749065,-1.0374799455316726,0.6555763835146583,-1.3787820796781052,0.48891666867270045,0.9400849583851354,-0.43212310939674486
SWE,2020-08-31,-0.13094474497929795,0.31893141681320747,0.6425778194983311,0.05021954737973061,0.26871186943347686,-0.38190356201701425,1.0244813815153453,-0.8898654110054047,0.7589206660261067,0.44987616179250545,0.3236464026851237
SWE,2020-09-30,-0.517338105713516,0.15463048832127527,-0.8697908693357342,0.31893141681320747,-0.1643009284919322,0.6425778194983311,-1.5123686888340653,-0.13094474497929795,-0.38639336073421804,0.6719685940347913,-1.0244213576570096
SWE,2020-10-31,-0.03654420940520317,0.36510049681891593,-0.36598052907586454,0.15463048832127527,0.21047000849764066,-0.8697908693357342,0.5038103402598697,-0.517338105713516,0.4807938963083128,0.4016447062241191,-0.7310810258947804
SWE,2020-11-30,0.2679343748828123,0.5125542619404859,-0.07741671557994073,0.36510049681891593,0.14745376512157,-0.36598052907586454,0.2885638134959238,-0.03654420940520317,0.30447858428801544,0.24461988705767362,-0.5899709775204267
SWE,2020-12-31,0.23969317408431398,0.7773628152210519,0.616453505036148,0.5125542619404859,0.26480855328056596,-0.07741671557994073,0.6938702206160887,0.2679343748828123,-0.028241200798498317,0.5376696411367379,-0.16090931018490384
SWE,2021-01-31,-0.2782446409170332,0.2605901189589204,-0.15995344202465533,0.7773628152210519,-0.5167726962621315,0.616453505036148,-0.7764069470608034,0.23969317408431398,-0.5179378150013472,0.5388347598759536,-0.42054356098357576
SWE,2021-02-28,0.07420678368632001,0.47558535458749907,0.023458994986304813,0.2605901189589204,0.21499523562857864,-0.15995344202465533,0.18341243701096016,-0.2782446409170332,0.3524514246033532,0.40137857090117907,-0.45212635960119424
SWE,2021-03-31,0.6375568610937723,1.3201909528920068,0.4373405029892258,0.47558535458749907,0.8446055983045078,0.023458994986304813,0.41388150800292095,0.07420678368632001,0.5633500774074522,0.6826340917982345,-0.882850449902781
SWE,2021-04-30,0.1862399904028394,1.1615190606319346,-0.018679748116683853,1.3201909528920068,-0.15867189226007228,0.4373405029892258,-0.4560202511059096,0.6375568610937723,-0.4513168706909329,0.9752790702290952,-1.1801988087486184
SWE,2021-05-31,0.3077454893126001,1.3311025572957709,-0.12135558435879854,1.1615190606319346,0.16958349666383632,-0.018679748116683853,-0.10267583624211468,0.1862399904028394,0.1215054989097607,1.0233570679831707,-1.4524581416545694
SWE,2021-06-30,1.2249742437049957,1.5971136615580508,0.5576828127138472,1.3311025572957709,0.2660111042622799,-0.12135558435879854,0.6790383970726458,0.3077454893126001,0.9172287543923956,0.37213941785305504,-1.0394308488442037
SWE,2021-07-31,0.23662597477188843,0.517330276205626,-0.10102270175766409,1.5971136615580508,-1.0797833853524248,0.5576828127138472,-0.6587055144715113,1.2249742437049957,-0.9883482689331073,0.2807043014337376,-0.6183529779632901
SWE,2021-08-31,0.22519672541584076,0.4457061893556632,0.11583489305141537,0.517330276205626,-0.0716240868499628,-0.10102270175766409,0.21685759480907946,0.23662597477188843,-0.011429249356047666,0.22050946393982243,-0.32987129630424783
SWE,2021-09-30,0.5609020613691409,0.7587766089385055,0.18151465869378308,0.4457061893556632,0.3130704195828423,0.11583489305141537,0.06567976564236772,0.22519672541584076,0.3357053359533001,0.19787454756936462,-0.5772619502447225
SWE,2021-10-31,0.7628139171832748,0.8782005305519216,0.13067743760123496,0.7587766089385055,0.11942392161341608,0.18151465869378308,-0.050837221092548124,0.5609020613691409,0.20191185581413396,0.11538661336864675,-0.7475230929506866
SWE,2021-11-30,0.8760480739272547,0.6244172753594129,0.4529342093959846,0.8782005305519216,-0.25378325519250866,0.13067743760123496,0.32225677179474965,0.7628139171832748,0.11323415674397985,-0.25163079856784176,-0.17148306596342833
SWE,2021-12-31,0.9284887543941741,1.0878085187627105,0.37235174339335386,0.6244172753594129,0.4633912434032975,0.4529342093959846,-0.08058246600263075,0.8760480739272547,0.05244068046691941,0.15931976436853634,-0.7154567753693566
SWE,2022-01-31,1.0829148564558964,0.2950970690315484,1.0816747821823667,1.0878085187627105,-0.792711449731162,0.37235174339335386,0.7093230387890128,0.9284887543941741,0.15442610206172225,-0.7878177874243479,0.7865777131508183
SWE,2022-02-28,0.22266032994255994,0.07159297272406082,-0.029124185830894628,0.2950970690315484,-0.2235040963074876,1.0816747821823667,-1.1107989680132613,1.0829148564558964,-0.8602545265133364,-0.15106735721849912,-0.10071715855495544
SWE,2022-03-31,1.4910487500335448,0.3589215395389699,1.4677890747349143,0.07159297272406082,0.28732856681490904,-0.029124185830894628,1.4969132605658089,0.22266032994255994,1.2683884200909847,-1.1321272104945748,1.1088675351959445
SWE,2022-04-30,0.6522881254244967,0.539805442523937,0.7786588191284737,0.3589215395389699,0.18088390298496715,1.4677890747349143,-0.6891302556064406,1.4910487500335448,-0.8387606246090481,-0.11248268290055963,0.23885337660453665
SWE,2022-05-31,0.8161215120350452,0.10215427789415284,0.6508458569327847,0.539805442523937,-0.4376511646297842,0.7786588191284737,-0.12781296219568894,0.6522881254244967,0.16383338661054858,-0.7139672341408924,0.5486915790386319
SWE,2022-06-30,0.9736156918553838,0.07927213156189569,1.166626321791444,0.10215427789415284,-0.022882146332257144,0.6508458569327847,0.5157804648586594,0.8161215120350452,0.15749417982033853,-0.894343560293488,1.0873541902295485
SWE,2022-07-31,1.0461011517117667,-0.43990223278551854,1.1127389977910143,0.07927213156189569,-0.5191743643474143,1.166626321791444,-0.05388732400042984,0.9736156918553838,0.07248545985638288,-1.4860033844972853,1.552641230576533
SWE,2022-08-31,0.3000648731644082,-0.08873361133561049,-0.1344815358818764,-0.43990223278551854,0.35116862144990807,1.1127389977910143,-1.2472205336728908,1.0461011517117667,-0.7460362785473584,-0.3887984845000187,-0.0457479245462659
SWE,2022-09-30,1.2430917798770353,-0.07292530989034693,1.3834456077168555,-0.08873361133561049,0.01580830144526356,-0.1344815358818764,1.5179271435987318,0.3000648731644082,0.9430269067126271,-1.3160170897673822,1.4563709176072024
SWE,2022-10-31,0.7301263670033038,-0.2974838219129874,0.7771191922622622,-0.07292530989034693,-0.22455851202264046,1.3834456077168555,-0.6063264154545933,1.2430917798770353,-0.5129654128737315,-1.0276101889162912,1.0746030141752496
SWE,2022-11-30,-0.4111527652744619,-0.4743588340958098,-0.6078049239182018,-0.2974838219129874,-0.17687501218282242,0.7771191922622622,-1.3849241161804642,0.7301263670033038,-1.1412791322777656,-0.06320606882134794,-0.13344608982239203
SWE,2022-12-31,0.5381950844546084,0.19905476824735693,0.5316761347970529,-0.4743588340958098,0.6734136023431667,-0.6078049239182018,1.1394810587152548,-0.4111527652744619,0.9493478497290703,-0.3391403162072515,0.332621366549696
SWE,2023-01-31,0.37351311500921625,-0.526410289433636,0.5624594819820018,0.19905476824735693,-0.7254650576809929,0.5316761347970529,0.030783347184948906,0.5381950844546084,-0.16468196944539215,-0.8999234044428522,1.088869771415638
SWE,2023-02-28,-0.396422568650718,-0.5641715756056349,-0.7143770377980032,-0.526410289433636,-0.03776128617199892,0.5624594819820018,-1.2768365197800051,0.37351311500921625,-0.7699356836599343,-0.1677490069549169,-0.1502054621923683
SWE,2023-03-31,0.08443570231554828,-0.09536312702079157,-0.34929688302601025,-0.5641715756056349,0.46880844858484333,-0.7143770377980032,0.36508015477199296,-0.396422568650718,0.4808582709662663,-0.17979882933633984,-0.25393375600521867
SWE,2023-04-30,0.28140790999745646,-0.10419049172027285,0.4227983960750463,-0.09536312702079157,-0.008827364699481283,-0.34929688302601025,0.7720952791010566,0.08443570231554828,0.19697220768190818,-0.3855984017177293,0.5269888877953192
SWE,2023-05-31,-0.4246408869323749,-0.47626797383249764,-0.6200056683744436,-0.10419049172027285,-0.3720774821122248,0.4227983960750463,-1.04280406444949,0.28140790999745646,-0.7060487969298314,-0.05162708690012274,-0.14373769454194596
SWE,2023-06-30,0.15709266420576323,0.0740581720564474,-0.15000427595678076,-0.47626797383249764,0.550326145888945,-0.6200056683744436,0.4700013924176628,-0.4246408869323749,0.5817335511381381,-0.08303449214931584,-0.22406244801322817
SWE,2023-07-31,0.4344649548886088,-0.042867083820447405,0.32591505281486177,0.0740581720564474,-0.1169252558768948,-0.15000427595678076,0.47591932877164256,0.15709266420576323,0.2773722906828456,-0.4773320387090562,0.3687821366353092
SWE,2023-08-31,0.3475783300499647,-0.21907045543556197,0.14232408358087675,-0.042867083820447405,-0.17620337161511457,0.32591505281486177,-0.18359096923398502,0.4344649548886088,-0.08688662483864412,-0.5666487854855267,0.3613945390164387
SWE,2023-09-30,0.33397963937747266,-0.19968936263801654,0.09993746487424307,-0.21907045543556197,0.019381092797545435,0.14232408358087675,-0.04238661870663368,0.3475783300499647,-0.013598690672492031,-0.5336690020154892,0.2996268275122596
SWE,2023-10-31,0.1319424666341682,-0.21288926414015452,-0.008686097964895126,-0.19968936263801654,-0.013199901502137984,0.09993746487424307,-0.1086235628391382,0.33397963937747266,-0.20203717274330446,-0.3448317307743227,0.2042031661752594
SWE,2023-11-30,0.16881999183667426,0.43983590019574104,-0.2076471248082268,-0.21288926414015452,0.6527251643358956,-0.008686097964895126,-0.19896102684333167,0.1319424666341682,0.03687752520250606,0.27101590835906675,-0.6474830250039678
SWE,2023-12-31,0.010940618517747053,0.10056220110362835,-0.29507034291893425,0.43983590019574104,-0.3392736990921127,-0.2076471248082268,-0.08742321811070744,0.16881999183667426,-0.1578793733189272,0.0896215825858813,-0.3956325440225626
SWE,2024-01-31,-0.5714967532939884,-0.12131372839011872,-0.8533840095148163,0.10056220110362835,-0.22187592949374707,-0.29507034291893425,-0.5583136665958821,0.010940618517747053,-0.5824373718117355,0.4501830249038697,-0.7320702811246975
SWE,2024-02-29,-0.052525893720030165,-0.04571619691664125,-0.40679860208941415,-0.12131372839011872,0.07559753147347748,-0.8533840095148163,0.44658540742540215,-0.5714967532939884,0.5189708595739583,0.006809696803388915,-0.3610824051727729
SWE,2024-03-31,0.014794323591925784,0.64368005159432,-0.08496854978824296,-0.04571619691664125,0.6893962485109613,-0.40679860208941415,0.3218300523011712,-0.052525893720030165,0.06732021731195595,0.6288857280023942,-0.7286486013825629
SWE,2024-04-30,0.31132752443031664,0.787265668033376,0.06901056926466523,0.64368005159432,0.1435856164390561,-0.08496854978824296,0.15397911905290818,0.014794323591925784,0.29653320083839085,0.4759381436030594,-0.7182550987687109
SWE,2024-05-31,0.09408836871569773,0.35189911361760556,-0.03322998513366046,0.787265668033376,-0.4353665544157705,0.06901056926466523,-0.10224055439832569,0.31132752443031664,-0.2172391557146189,0.2578107449019078,-0.385129098751266
SWE,2024-06-30,0.13462459906219584,0.61079408143581,-0.11681353735352702,0.35189911361760556,0.2588949678182045,-0.03322998513366046,-0.08358355221986656,0.09408836871569773,0.040536230346498114,0.47616948237361423,-0.7276076187893371
SWE,2024-07-31,0.3327342363258068,0.42475337025176785,0.284716249656289,0.61079408143581,-0.1860407111840422,-0.11681353735352702,0.401529787009816,0.13462459906219584,0.19810963726361094,0.09201913392596106,-0.14003712059547885
SWE,2024-08-31,0.1704082479594539,0.395015455612759,-0.007277168578381593,0.42475337025176785,-0.029737914639008822,0.284716249656289,-0.2919934182346706,0.3327342363258068,-0.1623259883663529,0.22460720765330514,-0.40229262419114065
SWE,2024-09-30,0.12228748770518874,0.31403390689747057,-0.021825814579746597,0.395015455612759,-0.08098154871528845,-0.007277168578381593,-0.014548646001365004,0.1704082479594539,-0.04812076025426515,0.19174641919228183,-0.33585972147721715
SWE,2024-10-31,0.3276591025347287,0.24491449738139554,0.25061848334416337,0.31403390689747057,-0.06911940951607504,-0.021825814579746597,0.27244429792390995,0.12228748770518874,0.20537161482953994,-0.08274460515333315,0.005703985962767832
SWE,2024-11-30,0.08976167805554044,0.3221220635461153,-0.034657861696038655,0.24491449738139554,0.07720756616471974,0.25061848334416337,-0.28527634504020205,0.3276591025347287,-0.23789742447918824,0.23236038549057483,-0.35677992524215396
SWE,2024-12-31,0.7093843737595704,0.2447645704797842,0.9863449750073654,0.3221220635461153,-0.07735749306633108,-0.034657861696038655,1.021002836703404,0.08976167805554044,0.61962269570403,-0.46461980327978625,0.7415804045275812
SWE,2025-01-31,0.227569235291048,0.14487231339854315,0.08049899777277264,0.2447645704797842,-0.09989225708124105,0.9863449750073654,-0.9058459772345928,0.7093843737595704,-0.4818151384685224,-0.08269692189250485,-0.0643733156257705
SWE,2025-02-28,0.5393664047160007,0.5813248030138818,0.3859958290583969,0.14487231339854315,0.43645248961533867,0.08049899777277264,0.30549683128562427,0.227569235291048,0.3117971694249527,0.04195839829788106,-0.19532897395548487
SWE,2025-03-31,1.1127629998945967,1.0091127522807226,1.1750108963077284,0.5813248030138818,0.42778794926684083,0.3859958290583969,0.7890150672493315,0.5393664047160007,0.573396595178596,-0.10365024761387409,0.16589814402700576
SWE,2025-04-30,1.2434404662097225,0.7750140750373308,1.302644928342599,1.0091127522807226,-0.23409867724339184,1.1750108963077284,0.12763403203487056,1.1127629998945967,0.13067746631512578,-0.4684263911723917,0.5276308533052682
SWE,2025-05-31,-0.018422260125169232,0.47744804105398325,0.02531215352176904,0.7750140750373308,-0.2975660339833475,1.302644928342599,-1.2773327748208299,1.2434404662097225,-1.2618627263348916,0.4958703011791525,-0.45213588753221423
SWE,2025-06-30,0.4097496758232668,0.368534409613802,0.6954399036719823,0.47744804105398325,-0.10891363144018124,0.02531215352176904,0.6701277501502132,-0.018422260125169232,0.42817193594843606,-0.04121526620946481,0.32690549405818026
SWE,2025-07-31,0.15524463422089269,0.8803255668641512,-0.05049823385450529,0.368534409613802,0.5117911572503492,0.6954399036719823,-0.7459381375264875,0.4097496758232668,-0.25450504160237414,0.7250809326432586,-0.9308238007186564
SWE,2025-08-31,0.37779623291790243,0.626545212200956,0.6038605009590826,0.8803255668641512,-0.25378035466319515,-0.05049823385450529,0.6543587348135879,0.15524463422089269,0.22255159869700974,0.24874897928305362,-0.022684711241873434
SWE,2025-09-30,0.3719699743796234,0.29445086865279557,0.4283928677103152,0.626545212200956,-0.3320943435481605,0.6038605009590826,-0.1754676332487674,0.37779623291790243,-0.0058262585382790055,-0.07751910572682785,0.13394199905751963
SWE,2025-10-31,-0.0009599922692848373,0.1329500131280601,-0.3368572215139522,0.29445086865279557,-0.16150085552473548,0.4283928677103152,-0.7652500892242674,0.3719699743796234,-0.37292996664890826,0.13391000539734493,-0.4698072346420123
SWE,2025-11-30,0.4243493486121459,0.40125846642681545,0.46319438677206315,0.1329500131280601,0.26830845329875536,-0.3368572215139522,0.8000516082860154,-0.0009599922692848373,0.42530934088143074,-0.023090882185330452,0.0619359203452477
SWE,2025-12-31,0.40712863237328556,0.2883543153808402,0.8312537012148624,0.40125846642681545,-0.11290415104597523,0.46319438677206315,0.36805931444279927,0.4243493486121459,-0.017220716238860345,-0.11877431699244534,0.5428993858340222
