country_code,month_end_date,SENT_ORTH_DIV_PREMIUM,SENT_ORTH_DIV_PREMIUM_lag,SENT_ORTH_DIV_PREMIUM_fitted,SENT_ORTH_DIV_PREMIUM_innovation,SENT_ORTH_DIV_PREMIUM_innovation_lag
SWE,2001-02-28,,,,,
SWE,2001-03-31,,,,,
SWE,2001-04-30,,,,,
SWE,2001-05-31,,,,,
SWE,2001-06-30,,,,,
SWE,2001-07-31,,,,,
SWE,2001-08-31,,,,,
SWE,2001-09-30,,,,,
SWE,2001-10-31,,,,,
SWE,2001-11-30,,,,,
SWE,2001-12-31,0.8312695256101716,,,,
SWE,2002-01-31,0.4415197457863322,0.8312695256101716,0.6548829443756311,-0.21336319858929892,
SWE,2002-02-28,0.5025257769123093,0.4415197457863322,0.3455168287906905,0.15700894812161875,-0.21336319858929892
SWE,2002-03-31,0.3659112447290853,0.5025257769123093,0.3939407147136739,-0.028029469984588606,0.15700894812161875
SWE,2002-04-30,0.4868079512892632,0.3659112447290853,0.28550214889054387,0.2013058023987193,-0.028029469984588606
SWE,2002-05-31,0.8391852946160898,0.4868079512892632,0.3814646007806756,0.4577206938354142,0.2013058023987193
SWE,2002-06-30,0.06815634143744137,0.8391852946160898,0.6611661312714272,-0.5930097898339859,0.4577206938354142
SWE,2002-07-31,0.15959594214866807,0.06815634143744137,0.049157492405195416,0.11043844974347265,-0.5930097898339859
SWE,2002-08-31,0.4035116559982484,0.15959594214866807,0.12173819814787995,0.28177345785036845,0.11043844974347265
SWE,2002-09-30,0.4459783007028794,0.4035116559982484,0.3153476902632544,0.13063061043962504,0.28177345785036845
SWE,2002-10-31,0.4643853042042523,0.4459783007028794,0.34905583224125764,0.11532947196299465,0.13063061043962504
SWE,2002-11-30,0.5593715899018886,0.4643853042042523,0.3636664964867947,0.1957050934150939,0.11532947196299465
SWE,2002-12-31,0.6045589706910159,0.5593715899018886,0.4390624037106575,0.16549656698035842,0.1957050934150939
SWE,2003-01-31,0.3037736828434965,0.6045589706910159,0.4749301455077366,-0.17115646266424012,0.16549656698035842
SWE,2003-02-28,0.36542390839580335,0.3037736828434965,0.2361801039591726,0.12924380443663075,-0.17115646266424012
SWE,2003-03-31,0.6975924139426901,0.36542390839580335,0.2851153228903368,0.4124770910523533,0.12924380443663075
SWE,2003-04-30,0.4577482817404409,0.6975924139426901,0.5487759728774689,-0.09102769113702802,0.4124770910523533
SWE,2003-05-31,0.5519526667876369,0.4577482817404409,0.35839832196824245,0.19355434481939443,-0.09102769113702802
SWE,2003-06-30,0.8633170936216714,0.5519526667876369,0.4331735910813938,0.4301435025402776,0.19355434481939443
SWE,2003-07-31,0.7580510012105934,0.8633170936216714,0.680320884671949,0.07773011653864448,0.4301435025402776
SWE,2003-08-31,0.6096691836134303,0.7580510012105934,0.596765322108861,0.012903861504569236,0.07773011653864448
SWE,2003-09-30,0.5723266243684688,0.6096691836134303,0.47898640622540484,0.09334021814306398,0.012903861504569236
SWE,2003-10-31,0.8139009995826189,0.5723266243684688,0.44934553637081304,0.3645554632118058,0.09334021814306398
SWE,2003-11-30,0.9966677858289055,0.8139009995826189,0.6410965775609825,0.355571208267923,0.3645554632118058
SWE,2003-12-31,0.5808491865369654,0.9966677858289055,0.7861687588576926,-0.20531957232072717,0.355571208267923
SWE,2004-01-31,0.4934730898439036,0.5808491865369654,0.4561103688078978,0.0373627210360058,-0.20531957232072717
SWE,2004-02-29,0.9024080461211978,0.4934730898439036,0.38675509260703794,0.5156529535141599,0.0373627210360058
SWE,2004-03-31,1.2068466350881921,0.9024080461211978,0.7113495516663472,0.49549708342184495,0.5156529535141599
SWE,2004-04-30,0.9852677521602745,1.2068466350881921,0.9529994218611386,0.032268330299135894,0.49549708342184495
SWE,2004-05-31,0.7825477030358767,0.9852677521602745,0.7771199169694535,0.005427786066423246,0.032268330299135894
SWE,2004-06-30,0.5253504879274705,0.7825477030358767,0.616209719208343,-0.09085923128087248,0.005427786066423246
SWE,2004-07-31,0.4073368826769403,0.5253504879274705,0.4120579595503504,-0.004721076873410113,-0.09085923128087248
SWE,2004-08-31,0.5158425926065966,0.4073368826769403,0.3183839858048546,0.197458606801742,-0.004721076873410113
SWE,2004-09-30,0.45810514193984453,0.5158425926065966,0.4045110132913006,0.053594128648543904,0.197458606801742
SWE,2004-10-31,0.6630505822985744,0.45810514193984453,0.3586815817913686,0.3043690005072058,0.053594128648543904
SWE,2004-11-30,0.789812590020502,0.6630505822985744,0.521358196565295,0.26845439345520694,0.3043690005072058
SWE,2004-12-31,0.8689063910421991,0.789812590020502,0.6219762647792294,0.24693012626296973,0.26845439345520694
SWE,2005-01-31,0.5833431657393867,0.8689063910421991,0.6847574214484909,-0.10141425570910423,0.24693012626296973
SWE,2005-02-28,0.4773515427302451,0.5833431657393867,0.45808997905566096,0.019261563674584148,-0.10141425570910423
SWE,2005-03-31,0.4542399289332562,0.4773515427302451,0.3739585224331526,0.08028140650010362,0.019261563674584148
SWE,2005-04-30,0.2911707836739422,0.4542399289332562,0.35561354687343466,-0.06444276319949244,0.08028140650010362
SWE,2005-05-31,0.5586968988427395,0.2911707836739422,0.22617648070387297,0.33252041813886657,-0.06444276319949244
SWE,2005-06-30,0.1726424260042966,0.5586968988427395,0.4385268638258546,-0.265884437821558,0.33252041813886657
SWE,2005-07-31,0.15492673809824958,0.1726424260042966,0.13209391928332667,0.02283281881492291,-0.265884437821558
SWE,2005-08-31,0.1889156776492611,0.15492673809824958,0.11803199074321041,0.07088368690605068,0.02283281881492291
SWE,2005-09-30,0.03879750624698468,0.1889156776492611,0.14501090579609488,-0.1062133995491102,0.07088368690605068
SWE,2005-10-31,0.13247663855613884,0.03879750624698468,0.025853749154653372,0.10662288940148547,-0.1062133995491102
SWE,2005-11-30,0.3750897079177891,0.13247663855613884,0.10021209590458544,0.2748776120132037,0.10662288940148547
SWE,2005-12-31,0.16633880739091628,0.3750897079177891,0.29278760651161573,-0.12644879912069945,0.2748776120132037
SWE,2006-01-31,-0.11837587330781453,0.16633880739091628,0.12709038597682468,-0.24546625928463922,-0.12644879912069945
SWE,2006-02-28,0.46165318128480964,-0.11837587330781453,-0.09890351928614743,0.5605567005709571,-0.24546625928463922
SWE,2006-03-31,0.20741035765436824,0.46165318128480964,0.36149785830239195,-0.1540875006480237,0.5605567005709571
SWE,2006-04-30,0.31300671126748053,0.20741035765436824,0.15969116376763895,0.15331554749984158,-0.1540875006480237
SWE,2006-05-31,0.22729957612664628,0.31300671126748053,0.24350887304764862,-0.016209296921002342,0.15331554749984158
SWE,2006-06-30,0.27113699257558915,0.22729957612664628,0.17547834461882503,0.09565864795676413,-0.016209296921002342
SWE,2006-07-31,-0.02316783139241157,0.27113699257558915,0.21027454450434788,-0.23344237589675945,0.09565864795676413
SWE,2006-08-31,-0.46181220800917006,-0.02316783139241157,-0.023331591796851067,-0.438480616212319,-0.23344237589675945
SWE,2006-09-30,-0.2848753240309779,-0.46181220800917006,-0.37150807307270783,0.08663274904172996,-0.438480616212319
SWE,2006-10-31,-0.34748229737294317,-0.2848753240309779,-0.23106341002561787,-0.1164188873473253,0.08663274904172996
SWE,2006-11-30,-0.0838460163553511,-0.34748229737294317,-0.28075805298369205,0.19691203662834095,-0.1164188873473253
SWE,2006-12-31,-0.3079303431088445,-0.0838460163553511,-0.07149524795392112,-0.23643509515492336,0.19691203662834095
SWE,2007-01-31,-0.40089428291380047,-0.3079303431088445,-0.24936346320353123,-0.15153081971026924,-0.23643509515492336
SWE,2007-02-28,-0.2820179335514272,-0.40089428291380047,-0.3231541218151422,0.04113618826371501,-0.15153081971026924
SWE,2007-03-31,-0.11780500652152896,-0.2820179335514272,-0.22879533999933707,0.11099033347780811,0.04113618826371501
SWE,2007-04-30,-0.2584399222211771,-0.11780500652152896,-0.09845039051140009,-0.15998953170977703,0.11099033347780811
SWE,2007-05-31,-0.24696350807668588,-0.2584399222211771,-0.2100801587316169,-0.03688334934506898,-0.15998953170977703
SWE,2007-06-30,-0.4195861519123882,-0.24696350807668588,-0.20097068940406512,-0.21861546250832306,-0.03688334934506898
SWE,2007-07-31,-0.4121749366538167,-0.4195861519123882,-0.337990899677414,-0.07418403697640269,-0.21861546250832306
SWE,2007-08-31,-0.5165422190515921,-0.4121749366538167,-0.3321082052026554,-0.18443401384893676,-0.07418403697640269
SWE,2007-09-30,-0.36596920667136684,-0.5165422190515921,-0.4149503321799941,0.048981125508627266,-0.18443401384893676
SWE,2007-10-31,-0.5295652984247982,-0.36596920667136684,-0.29543214291238795,-0.2341331555124102,0.048981125508627266
SWE,2007-11-30,-0.02438841896068071,-0.5295652984247982,-0.42528747587373555,0.40089905691305483,-0.2341331555124102
SWE,2007-12-31,-0.4776859180170992,-0.02438841896068071,-0.02430044015616859,-0.4533854778609306,0.40089905691305483
SWE,2008-01-31,-0.8081663809420805,-0.4776859180170992,-0.38410792112725817,-0.4240584598148223,-0.4533854778609306
SWE,2008-02-29,-0.41271577167766105,-0.8081663809420805,-0.646428677634228,0.2337129059565669,-0.4240584598148223
SWE,2008-03-31,-0.5337628697249148,-0.41271577167766105,-0.33253749609430033,-0.2012253736306145,0.2337129059565669
SWE,2008-04-30,-0.6253695198844977,-0.5337628697249148,-0.4286193220869518,-0.19675019779754593,-0.2012253736306145
SWE,2008-05-31,-0.6328799862306493,-0.6253695198844977,-0.5013326242841409,-0.1315473619465084,-0.19675019779754593
SWE,2008-06-30,-0.5930410896687247,-0.6328799862306493,-0.5072940998769957,-0.08574698979172901,-0.1315473619465084
SWE,2008-07-31,-0.7529946011265458,-0.5930410896687247,-0.47567174800774387,-0.27732285311880195,-0.08574698979172901
SWE,2008-08-31,-0.8370033556968552,-0.7529946011265458,-0.6026357620380878,-0.23436759365876747,-0.27732285311880195
SWE,2008-09-30,-0.8067174069772834,-0.8370033556968552,-0.6693181911809396,-0.13739921579634384,-0.23436759365876747
SWE,2008-10-31,-0.04828979631705899,-0.8067174069772834,-0.6452785462671863,0.5969887499501273,-0.13739921579634384
SWE,2008-11-30,0.4232721001891469,-0.04828979631705899,-0.04327229505552145,0.46654439524466834,0.5969887499501273
SWE,2008-12-31,0.2772330436912541,0.4232721001891469,0.33103265579250846,-0.053799612101254335,0.46654439524466834
SWE,2009-01-31,0.10826102515485891,0.2772330436912541,0.21511331992306115,-0.10685229476820224,-0.053799612101254335
SWE,2009-02-28,0.27184625104934057,0.10826102515485891,0.0809908143483864,0.19085543670095417,-0.10685229476820224
SWE,2009-03-31,0.6702608864919481,0.27184625104934057,0.21083752247208232,0.45942336401986583,0.19085543670095417
SWE,2009-04-30,0.3053380224254495,0.6702608864919481,0.5270814167336246,-0.22174339430817513,0.45942336401986583
SWE,2009-05-31,0.20273164460648196,0.3053380224254495,0.23742180744427352,-0.034690162837791555,-0.22174339430817513
SWE,2009-06-30,0.42514704411604803,0.20273164460648196,0.15597740854187495,0.26916963557417306,-0.034690162837791555
SWE,2009-07-31,0.3276049279037699,0.42514704411604803,0.33252090325185824,-0.004915975348088353,0.26916963557417306
SWE,2009-08-31,0.16949571817305473,0.3276049279037699,0.25509629094760883,-0.0856005727745541,-0.004915975348088353
SWE,2009-09-30,0.42459241977401496,0.16949571817305473,0.1295962019553733,0.29499621781864166,-0.0856005727745541
SWE,2009-10-31,0.4953775083725295,0.42459241977401496,0.3320806670100798,0.16329684136244965,0.29499621781864166
SWE,2009-11-30,0.5381124303788923,0.4953775083725295,0.3882667356999866,0.14984569467890574,0.16329684136244965
SWE,2009-12-31,0.3819373392835715,0.5381124303788923,0.4221878243197401,-0.040250485036168626,0.14984569467890574
SWE,2010-01-31,0.46338530946485446,0.3819373392835715,0.2982229530499696,0.16516235641488486,-0.040250485036168626
SWE,2010-02-28,0.35948812899784155,0.46338530946485446,0.3628727449463251,-0.003384615948483549,0.16516235641488486
SWE,2010-03-31,0.2544518075139141,0.35948812899784155,0.28040376406368,-0.025951956549765898,-0.003384615948483549
SWE,2010-04-30,0.2350265863798433,0.2544518075139141,0.19703058348741195,0.03799600289243135,-0.025951956549765898
SWE,2010-05-31,-0.09311863641253984,0.2350265863798433,0.1816117031756843,-0.2747303395882241,0.03799600289243135
SWE,2010-06-30,-0.014045637925464802,-0.09311863641253984,-0.07885544312756321,0.0648098052020984,-0.2747303395882241
SWE,2010-07-31,-0.05177658728184312,-0.014045637925464802,-0.01609079858906738,-0.035685788692775736,0.0648098052020984
SWE,2010-08-31,-0.24396976658851813,-0.05177658728184312,-0.04603995531467409,-0.19792981127384404,-0.035685788692775736
SWE,2010-09-30,-0.45685297394500457,-0.24396976658851813,-0.19859438998529816,-0.2582585839597064,-0.19792981127384404
SWE,2010-10-31,-0.13428417621886043,-0.45685297394500457,-0.36757165268678527,0.23328747646792483,-0.2582585839597064
SWE,2010-11-30,-0.26303827609138514,-0.13428417621886043,-0.11153082565528333,-0.1515074504361018,0.23328747646792483
SWE,2010-12-31,-0.13871299560736244,-0.26303827609138514,-0.21373012840075747,0.07501713279339503,-0.1515074504361018
SWE,2011-01-31,-0.23720231151625304,-0.13871299560736244,-0.11504622636049325,-0.12215608515575979,0.07501713279339503
SWE,2011-02-28,-0.12416394025884805,-0.23720231151625304,-0.19322268383821956,0.0690587435793715,-0.12215608515575979
SWE,2011-03-31,-0.3836765072159964,-0.12416394025884805,-0.10349783051371542,-0.28017867670228097,0.0690587435793715
SWE,2011-04-30,-0.06682205841145311,-0.3836765072159964,-0.3094874139364361,0.24266535552498297,-0.28017867670228097
SWE,2011-05-31,-0.7084081555371724,-0.06682205841145311,-0.05798238402526014,-0.6504257715119123,0.24266535552498297
SWE,2011-06-30,-0.19845617615715397,-0.7084081555371724,-0.5672450159908208,0.36878883983366684,-0.6504257715119123
SWE,2011-07-31,-0.5340868518724915,-0.19845617615715397,-0.1624677174200458,-0.3716191344524457,0.36878883983366684
SWE,2011-08-31,-0.6092412258041493,-0.5340868518724915,-0.428876484768506,-0.18036474103564332,-0.3716191344524457
SWE,2011-09-30,-0.31291846711735005,-0.6092412258041493,-0.488530698666879,0.17561223154952893,-0.18036474103564332
SWE,2011-10-31,-0.8746952130102206,-0.31291846711735005,-0.25332281514791166,-0.6213723978623089,0.17561223154952893
SWE,2011-11-30,-0.8197761107821014,-0.8746952130102206,-0.6992363183739506,-0.12053979240815083,-0.6213723978623089
SWE,2011-12-31,-0.8306499707465079,-0.8197761107821014,-0.6556439670571527,-0.17500600368935526,-0.12053979240815083
SWE,2012-01-31,-1.3106439156619556,-0.8306499707465079,-0.6642751555600006,-0.646368760101955,-0.17500600368935526
SWE,2012-02-29,-0.8014925969271303,-1.3106439156619556,-1.0452730930313205,0.24378049610419028,-0.646368760101955
SWE,2012-03-31,-0.9657672754461539,-0.8014925969271303,-0.6411313234243263,-0.3246359520218276,0.24378049610419028
SWE,2012-04-30,-0.7186954819942825,-0.9657672754461539,-0.7715252885097346,0.052829806515452105,-0.3246359520218276
SWE,2012-05-31,-1.068315414930571,-0.7186954819942825,-0.5754106401695663,-0.4929047747610046,0.052829806515452105
SWE,2012-06-30,-0.8412682438307028,-1.068315414930571,-0.8529234604011873,0.011655216570484517,-0.4929047747610046
SWE,2012-07-31,-1.0002185813869655,-0.8412682438307028,-0.6727034705157197,-0.32751511087124585,0.011655216570484517
SWE,2012-08-31,-1.3326989856510845,-1.0002185813869655,-0.7988712095274566,-0.5338277761236279,-0.32751511087124585
SWE,2012-09-30,-0.9449607664030224,-1.3326989856510845,-1.0627794309042367,0.11781866450121425,-0.5338277761236279
SWE,2012-10-31,-0.8010580056991505,-0.9449607664030224,-0.7550100030246064,-0.04604800267454412,0.11781866450121425
SWE,2012-11-30,-0.5677867933625274,-0.8010580056991505,-0.6407863641529493,0.07299957079042196,-0.04604800267454412
SWE,2012-12-31,-0.745861656663864,-0.5677867933625274,-0.4556260059585484,-0.29023565070531554,0.07299957079042196
SWE,2013-01-31,-0.8174317694146085,-0.745861656663864,-0.596973946598191,-0.22045782281641746,-0.29023565070531554
SWE,2013-02-28,-0.5559613210036284,-0.8174317694146085,-0.653783132696209,0.09782181169258064,-0.22045782281641746
SWE,2013-03-31,-0.3234930871657825,-0.5559613210036284,-0.44623946967805794,0.12274638251227543,0.09782181169258064
SWE,2013-04-30,-0.4332276860987261,-0.3234930871657825,-0.2617164802569691,-0.171511205841757,0.12274638251227543
SWE,2013-05-31,-0.41659777016835847,-0.4332276860987261,-0.3488189454142301,-0.06777882475412839,-0.171511205841757
SWE,2013-06-30,-0.6666050588187329,-0.41659777016835847,-0.3356188545861935,-0.3309862042325394,-0.06777882475412839
SWE,2013-07-31,-0.8160438301684924,-0.6666050588187329,-0.5340635690197655,-0.2819802611487269,-0.3309862042325394
SWE,2013-08-31,-0.633198881628199,-0.8160438301684924,-0.6526814479860011,0.0194825663578021,-0.2819802611487269
SWE,2013-09-30,-0.456725893683897,-0.633198881628199,-0.5075472249216396,0.05082133123774263,0.0194825663578021
SWE,2013-10-31,0.04707134343711068,-0.456725893683897,-0.36747078200312727,0.41454212544023794,0.05082133123774263
SWE,2013-11-30,-0.3609282605967308,0.04707134343711068,0.03242115471841898,-0.3933494153151498,0.41454212544023794
SWE,2013-12-31,-0.26012912010506095,-0.3609282605967308,-0.29143086315108013,0.03130174304601918,-0.3933494153151498
SWE,2014-01-31,-0.3507507760622072,-0.26012912010506095,-0.21142096920757827,-0.13932980685462895,0.03130174304601918
SWE,2014-02-28,-0.06601974761488258,-0.3507507760622072,-0.28335242662625526,0.21733267901137268,-0.13932980685462895
SWE,2014-03-31,-0.37691970087462295,-0.06601974761488258,-0.05734554524439137,-0.31957415563023156,0.21733267901137268
SWE,2014-04-30,-0.45590303585710934,-0.37691970087462295,-0.304124160280372,-0.15177887557673736,-0.31957415563023156
SWE,2014-05-31,-0.6128744068662705,-0.45590303585710934,-0.3668176338995747,-0.24605677296669576,-0.15177887557673736
SWE,2014-06-30,-0.547270168681346,-0.6128744068662705,-0.49141455690257374,-0.055855611778772296,-0.24605677296669576
SWE,2014-07-31,-0.5745868712241039,-0.547270168681346,-0.43934081784272705,-0.13524605338137685,-0.055855611778772296
SWE,2014-08-31,-0.7931847107449836,-0.5745868712241039,-0.46102360663111824,-0.3321611041138654,-0.13524605338137685
SWE,2014-09-30,-0.011253525540355663,-0.7931847107449836,-0.6345368912785169,0.6232833657381612,-0.3321611041138654
SWE,2014-10-31,0.11635066466396413,-0.011253525540355663,-0.013874543423385866,0.13022520808735,0.6232833657381612
SWE,2014-11-30,0.1632364707982147,0.11635066466396413,0.08741201194994888,0.07582445884826583,0.13022520808735
SWE,2014-12-31,-0.5605174227914518,0.1632364707982147,0.12462788857309323,-0.685145311364545,0.07582445884826583
SWE,2015-01-31,-0.3352470582269882,-0.5605174227914518,-0.4498559015152885,0.11460884328830029,-0.685145311364545
SWE,2015-02-28,0.07910439971683937,-0.3352470582269882,-0.2710462619737068,0.35015066169054615,0.11460884328830029
SWE,2015-03-31,0.08763826937852089,0.07910439971683937,0.05784757624469305,0.029790693133827838,0.35015066169054615
SWE,2015-04-30,-0.052907553811324295,0.08763826937852089,0.06462138406912815,-0.11752893788045245,0.029790693133827838
SWE,2015-05-31,-0.4056623260854436,-0.052907553811324295,-0.0469376664621706,-0.358724659623273,-0.11752893788045245
SWE,2015-06-30,-0.10684097660862937,-0.4056623260854436,-0.3269387833372584,0.22009780672862903,-0.358724659623273
SWE,2015-07-31,-0.3092189511444525,-0.10684097660862937,-0.08974762909651507,-0.21947132204793746,0.22009780672862903
SWE,2015-08-31,-0.5617903298978728,-0.3092189511444525,-0.250386303197611,-0.3114040267002618,-0.21947132204793746
SWE,2015-09-30,-0.5197751667545046,-0.5617903298978728,-0.4508662788070779,-0.06890888794742672,-0.3114040267002618
SWE,2015-10-31,-0.38457327179794887,-0.5197751667545046,-0.417516502899042,0.03294323110109315,-0.06890888794742672
SWE,2015-11-30,-0.39423464801508473,-0.38457327179794887,-0.31019922594935934,-0.0840354220657254,0.03294323110109315
SWE,2015-12-31,-0.17878451253528727,-0.39423464801508473,-0.31786799854712955,0.13908348601184228,-0.0840354220657254
SWE,2016-01-31,-0.4626853362814649,-0.17878451253528727,-0.1468532219749396,-0.3158321143065253,0.13908348601184228
SWE,2016-02-29,-0.007045742406258132,-0.4626853362814649,-0.37220112362973273,0.3651553812234746,-0.3158321143065253
SWE,2016-03-31,-0.011799623821836969,-0.007045742406258132,-0.010534591508575424,-0.0012650323132615444,0.3651553812234746
SWE,2016-04-30,0.6643301183057765,-0.011799623821836969,-0.014308012055865512,0.678638130361642,-0.0012650323132615444
SWE,2016-05-31,0.21420803796284377,0.6643301183057765,0.5223738355849709,-0.3081657976221271,0.678638130361642
SWE,2016-06-30,0.42270075464211687,0.21420803796284377,0.16508686136873016,0.2576138932733867,-0.3081657976221271
SWE,2016-07-31,-0.06994850600868889,0.42270075464211687,0.3305791469986835,-0.4005276530073724,0.2576138932733867
SWE,2016-08-31,-0.46245314110668323,-0.06994850600868889,-0.06046401967666159,-0.40198912143002163,-0.4005276530073724
SWE,2016-09-30,-0.5718519262995408,-0.46245314110668323,-0.3720168173824983,-0.19983510891704254,-0.40198912143002163
SWE,2016-10-31,-0.6296617603190732,-0.5718519262995408,-0.45885272846402025,-0.17080903185505292,-0.19983510891704254
SWE,2016-11-30,-0.3465142302553318,-0.6296617603190732,-0.5047396146639723,0.15822538440864053,-0.17080903185505292
SWE,2016-12-31,-0.27726576874189446,-0.3465142302553318,-0.27998964417551697,0.0027238754336225135,0.15822538440864053
SWE,2017-01-31,-0.9321463967865666,-0.27726576874189446,-0.2250232820179084,-0.7071231147686583,0.0027238754336225135
SWE,2017-02-28,-0.9084634433764731,-0.9321463967865666,-0.7448385238932919,-0.16362491948318125,-0.7071231147686583
SWE,2017-03-31,-0.3942744868435256,-0.9084634433764731,-0.7260400442498363,0.33176555740631064,-0.16362491948318125
SWE,2017-04-30,0.11383467221635728,-0.3942744868435256,-0.31789962084492734,0.43173429306128464,0.33176555740631064
SWE,2017-05-31,0.15485899154812383,0.11383467221635728,0.08541492856298974,0.06944406298513409,0.43173429306128464
SWE,2017-06-30,0.07424390478767219,0.15485899154812383,0.11797821653180185,-0.04373431174412966,0.06944406298513409
SWE,2017-07-31,-0.21606392777726113,0.07424390478767219,0.05398953061157843,-0.27005345838883954,-0.04373431174412966
SWE,2017-08-31,-0.412757554920156,-0.21606392777726113,-0.1764439709162224,-0.23631358400393357,-0.27005345838883954
SWE,2017-09-30,-0.05841426258435241,-0.412757554920156,-0.332570661781868,0.2741563991975156,-0.23631358400393357
SWE,2017-10-31,0.3386258378515878,-0.05841426258435241,-0.05130864802767455,0.3899344858792623,0.2741563991975156
SWE,2017-11-30,-0.3359253314544752,0.3386258378515878,0.26384420121534236,-0.5997695326698176,0.3899344858792623
SWE,2017-12-31,-0.055866563573430096,-0.3359253314544752,-0.271584645225104,0.21571808165167392,-0.5997695326698176
SWE,2018-01-31,-0.6756824799804796,-0.055866563573430096,-0.04928639737484577,-0.6263960826056338,0.21571808165167392
SWE,2018-02-28,-0.36931928830743305,-0.6756824799804796,-0.5412688239543735,0.17194953564694043,-0.6263960826056338
SWE,2018-03-31,0.26619065784792495,-0.36931928830743305,-0.29809128936042617,0.5642819472083511,0.17194953564694043
SWE,2018-04-30,-0.32635288613124347,0.26619065784792495,0.20634836304050713,-0.5327012491717507,0.5642819472083511
SWE,2018-05-31,-0.4856326469141444,-0.32635288613124347,-0.2639864620327083,-0.22164618488143606,-0.5327012491717507
SWE,2018-06-30,-0.12531816272034704,-0.4856326469141444,-0.39041568261360626,0.26509751989325925,-0.22164618488143606
SWE,2018-07-31,-0.8257762769952939,-0.12531816272034704,-0.10441400119018437,-0.7213622758051095,0.26509751989325925
SWE,2018-08-31,-0.9965271729205737,-0.8257762769952939,-0.6604066332864404,-0.33612053963413324,-0.7213622758051095
SWE,2018-09-30,-0.9075317624311541,-0.9965271729205737,-0.7959411329567881,-0.11159062947436593,-0.33612053963413324
SWE,2018-10-31,-1.0111068385284907,-0.9075317624311541,-0.7253005171739053,-0.2858063213545854,-0.11159062947436593
SWE,2018-11-30,-0.5649714519246304,-1.0111068385284907,-0.8075138258719382,0.24254237394730782,-0.2858063213545854
SWE,2018-12-31,-0.810824088947311,-0.5649714519246304,-0.45339131259943694,-0.357432776347874,0.24254237394730782
SWE,2019-01-31,-1.004196729391129,-0.810824088947311,-0.6485382485551116,-0.35565848083601737,-0.357432776347874
SWE,2019-02-28,-0.9244752000249756,-1.004196729391129,-0.8020288872452638,-0.12244631277971185,-0.35565848083601737
SWE,2019-03-31,-0.5993201416588112,-0.9244752000249756,-0.7387494676144305,0.1394293259556193,-0.12244631277971185
SWE,2019-04-30,-0.4675474821561636,-0.5993201416588112,-0.480655781416581,0.0131082992604174,0.1394293259556193
SWE,2019-05-31,-0.45723214106975996,-0.4675474821561636,-0.37606047971029993,-0.08117166135946002,0.0131082992604174
SWE,2019-06-30,-0.31735356012781635,-0.45723214106975996,-0.36787261875941807,0.05051905863160172,-0.08117166135946002
SWE,2019-07-31,-0.8177258683420771,-0.31735356012781635,-0.2568431955764164,-0.5608826727656606,0.05051905863160172
SWE,2019-08-31,-0.6277959345969883,-0.8177258683420771,-0.6540165754009869,0.02622064080399855,-0.5608826727656606
SWE,2019-09-30,-0.5291007420212774,-0.6277959345969883,-0.503258604831816,-0.02584213718946149,0.02622064080399855
SWE,2019-10-31,-0.650598685155475,-0.5291007420212774,-0.4249187315729889,-0.22567995358248616,-0.02584213718946149
SWE,2019-11-30,-0.1663818717688042,-0.650598685155475,-0.5213584184304788,0.3549765466616746,-0.22567995358248616
SWE,2019-12-31,-0.3398696149797167,-0.1663818717688042,-0.13700855497177533,-0.20286106000794135,0.3549765466616746
SWE,2020-01-31,-0.5910820165705392,-0.3398696149797167,-0.2747154428191942,-0.31636657375134497,-0.20286106000794135
SWE,2020-02-29,-0.3960095502783837,-0.5910820165705392,-0.474116722537796,0.07810717225941233,-0.31636657375134497
SWE,2020-03-31,0.21881899903818297,-0.3960095502783837,-0.31927683736414675,0.5380958364023297,0.07810717225941233
SWE,2020-04-30,2.361472164997967,0.21881899903818297,0.1687468380790077,2.1927253269189593,0.5380958364023297
SWE,2020-05-31,0.19806978108319334,2.361472164997967,1.8694900361851292,-1.671420255101936,2.1927253269189593
SWE,2020-06-30,-0.08299887693776004,0.19806978108319334,0.15227702772257393,-0.23527590466033396,-1.671420255101936
SWE,2020-07-31,0.05021954737973061,-0.08299887693776004,-0.07082282619887229,0.1210423735786029,-0.23527590466033396
SWE,2020-08-31,0.31893141681320747,0.05021954737973061,0.034920059593330596,0.28401135721987686,0.1210423735786029
SWE,2020-09-30,0.15463048832127527,0.31893141681320747,0.24821164194079476,-0.09358115361951949,0.28401135721987686
SWE,2020-10-31,0.36510049681891593,0.15463048832127527,0.11779684078934288,0.24730365602957305,-0.09358115361951949
SWE,2020-11-30,0.5125542619404859,0.36510049681891593,0.28485861310252863,0.2276956488379573,0.24730365602957305
SWE,2020-12-31,0.7773628152210519,0.5125542619404859,0.4019008820286395,0.3754619331924124,0.2276956488379573
SWE,2021-01-31,0.2605901189589204,0.7773628152210519,0.6120941848679745,-0.3515040659090541,0.3754619331924124
SWE,2021-02-28,0.47558535458749907,0.2605901189589204,0.20190290328410432,0.27368245130339475,-0.3515040659090541
SWE,2021-03-31,1.3201909528920068,0.47558535458749907,0.3725566004991351,0.9476343523928717,0.27368245130339475
SWE,2021-04-30,1.1615190606319346,1.3201909528920068,1.0429671220056775,0.11855193862625701,0.9476343523928717
SWE,2021-05-31,1.3311025572957709,1.1615190606319346,0.9170204005394136,0.4140821567563573,0.11855193862625701
SWE,2021-06-30,1.5971136615580508,1.3311025572957709,1.0516282703730166,0.5454853911850341,0.4140821567563573
SWE,2021-07-31,0.517330276205626,1.5971136615580508,1.262776104927992,-0.745445828722366,0.5454853911850341
SWE,2021-08-31,0.4457061893556632,0.517330276205626,0.4056918706517824,0.04001431870388078,-0.745445828722366
SWE,2021-09-30,0.7587766089385055,0.4457061893556632,0.34883984230398835,0.40993676663451717,0.04001431870388078
SWE,2021-10-31,0.8782005305519216,0.7587766089385055,0.5973412773905394,0.28085925316138216,0.40993676663451717
SWE,2021-11-30,0.6244172753594129,0.8782005305519216,0.692134697810589,-0.06771742245117607,0.28085925316138216
SWE,2021-12-31,1.0878085187627105,0.6244172753594129,0.4906927883503856,0.5971157304123249,-0.06771742245117607
SWE,2022-01-31,0.2950970690315484,1.0878085187627105,0.8585122365936897,-0.5634151675621413,0.5971157304123249
SWE,2022-02-28,0.07159297272406082,0.2950970690315484,0.2292929921495232,-0.15770001942546238,-0.5634151675621413
SWE,2022-03-31,0.3589215395389699,0.07159297272406082,0.051885338133086975,0.3070362014058829,-0.15770001942546238
SWE,2022-04-30,0.539805442523937,0.3589215395389699,0.27995403044201705,0.25985141208192,0.3070362014058829
SWE,2022-05-31,0.10215427789415284,0.539805442523937,0.42353166238730067,-0.32137738449314784,0.25985141208192
SWE,2022-06-30,0.07927213156189569,0.10215427789415284,0.07614354880340646,0.0031285827584892345,-0.32137738449314784
SWE,2022-07-31,-0.43990223278551854,0.07927213156189569,0.05798071435547896,-0.4978829471409975,0.0031285827584892345
SWE,2022-08-31,-0.08873361133561049,-0.43990223278551854,-0.3541169049992659,0.26538329366365543,-0.4978829471409975
SWE,2022-09-30,-0.07292530989034693,-0.08873361133561049,-0.07537480440749686,0.0024494945171499305,0.26538329366365543
SWE,2022-10-31,-0.2974838219129874,-0.07292530989034693,-0.06282687477344436,-0.23465694713954305,0.0024494945171499305
SWE,2022-11-30,-0.4743588340958098,-0.2974838219129874,-0.24107147729093167,-0.23328735680487814,-0.23465694713954305
SWE,2022-12-31,0.19905476824735693,-0.4743588340958098,-0.38146702924678133,0.5805217974941382,-0.23328735680487814
SWE,2023-01-31,-0.526410289433636,0.19905476824735693,0.15305886691441659,-0.6794691563480526,0.5805217974941382
SWE,2023-02-28,-0.5641715756056349,-0.526410289433636,-0.42278316945264516,-0.14138840615298975,-0.6794691563480526
SWE,2023-03-31,-0.09536312702079157,-0.5641715756056349,-0.4527564061990591,0.3573932791782675,-0.14138840615298975
SWE,2023-04-30,-0.10419049172027285,-0.09536312702079157,-0.08063702037760181,-0.023553471342671037,0.3573932791782675
SWE,2023-05-31,-0.47626797383249764,-0.10419049172027285,-0.08764379156593827,-0.38862418226655937,-0.023553471342671037
SWE,2023-06-30,0.0740581720564474,-0.47626797383249764,-0.3829824198256161,0.4570405918820635,-0.38862418226655937
SWE,2023-07-31,-0.042867083820447405,0.0740581720564474,0.053842104194501375,-0.09670918801494878,0.4570405918820635
SWE,2023-08-31,-0.21907045543556197,-0.042867083820447405,-0.038967986014554465,-0.1801024694210075,-0.09670918801494878
SWE,2023-09-30,-0.19968936263801654,-0.21907045543556197,-0.17883041943061956,-0.02085894320739698,-0.1801024694210075
SWE,2023-10-31,-0.21288926414015452,-0.19968936263801654,-0.16344656623825105,-0.049442697901903476,-0.02085894320739698
SWE,2023-11-30,0.43983590019574104,-0.21288926414015452,-0.17392406350756565,0.6137599637033067,-0.049442697901903476
SWE,2023-12-31,0.10056220110362835,0.43983590019574104,0.34418026672812446,-0.24361806562449612,0.6137599637033067
SWE,2024-01-31,-0.12131372839011872,0.10056220110362835,0.07487982875045321,-0.19619355714057193,-0.24361806562449612
SWE,2024-02-29,-0.04571619691664125,-0.12131372839011872,-0.10123545855080776,0.05551926163416651,-0.19619355714057193
SWE,2024-03-31,0.64368005159432,-0.04571619691664125,-0.04122948582048139,0.6849095374148013,0.05551926163416651
SWE,2024-04-30,0.787265668033376,0.64368005159432,0.5059827270948503,0.2812829409385258,0.6849095374148013
SWE,2024-05-31,0.35189911361760556,0.787265668033376,0.6199546308934806,-0.268055517275875,0.2812829409385258
SWE,2024-06-30,0.61079408143581,0.35189911361760556,0.27437993972602637,0.3364141417097837,-0.268055517275875
SWE,2024-07-31,0.42475337025176785,0.61079408143581,0.47987930030195025,-0.0551259300501824,0.3364141417097837
SWE,2024-08-31,0.395015455612759,0.42475337025176785,0.33220842237180565,0.06280703324095338,-0.0551259300501824
SWE,2024-09-30,0.31403390689747057,0.395015455612759,0.30860378264211824,0.005430124255352331,0.06280703324095338
SWE,2024-10-31,0.24491449738139554,0.31403390689747057,0.24432421545050895,0.0005902819308865881,0.005430124255352331
SWE,2024-11-30,0.3221220635461153,0.24491449738139554,0.18946028905348114,0.13266177449263414,0.0005902819308865881
SWE,2024-12-31,0.2447645704797842,0.3221220635461153,0.2507442360231047,-0.005979665543320495,0.13266177449263414
SWE,2025-01-31,0.14487231339854315,0.2447645704797842,0.1893412837183296,-0.044468970319786444,-0.005979665543320495
SWE,2025-02-28,0.5813248030138818,0.14487231339854315,0.11005123366569428,0.47127356934818754,-0.044468970319786444
SWE,2025-03-31,1.0091127522807226,0.5813248030138818,0.4564878921051228,0.5526248601755999,0.47127356934818754
SWE,2025-04-30,0.7750140750373308,1.0091127522807226,0.7960470221155287,-0.021032947078197917,0.5526248601755999
SWE,2025-05-31,0.47744804105398325,0.7750140750373308,0.6102298589215058,-0.13278181786752258,-0.021032947078197917
SWE,2025-06-30,0.368534409613802,0.47744804105398325,0.37403511852921406,-0.005500708915412045,-0.13278181786752258
SWE,2025-07-31,0.8803255668641512,0.368534409613802,0.28758430101206767,0.5927412658520835,-0.005500708915412045
SWE,2025-08-31,0.626545212200956,0.8803255668641512,0.6938214575303471,-0.06727624532939103,0.5927412658520835
SWE,2025-09-30,0.29445086865279557,0.626545212200956,0.492381850381866,-0.19793098172907042,-0.06727624532939103
SWE,2025-10-31,0.1329500131280601,0.29445086865279557,0.2287800669051404,-0.09583005377708032,-0.19793098172907042
SWE,2025-11-30,0.40125846642681545,0.1329500131280601,0.1005878396769056,0.30067062674990985,-0.09583005377708032
SWE,2025-12-31,0.2883543153808402,0.40125846642681545,0.3135592081614665,-0.025204892780626265,0.30067062674990985
