month_end_date,ESI,CCI,TURN,NIPO,RIPO,ED_RATIO,DIV_PREMIUM
2001-02-28,0.7192704464291029,0.38692638481188074,0.6263903407499961,-0.5308176413484281,,0.06926490819533604,
2001-03-31,1.866777396377634,0.7488929210396887,1.15472978047541,-0.5308176413484281,,0.5634456219769644,
2001-04-30,1.2744153249724517,-0.09856108193090506,0.825533282831012,-0.5308176413484281,,0.5634456219769644,
2001-05-31,0.690884134903875,0.1490290202164788,0.8163744527804667,-0.5308176413484281,,0.6178206432384236,
2001-06-30,-0.5095561725119307,0.2574945151566646,0.17520110340366815,0.5921621329193549,-0.23050182621468537,0.6178206432384236,
2001-07-31,0.12799102736855802,0.44192394910804744,-0.21267073049192,-0.5308176413484281,,0.6178206432384236,
2001-08-31,0.21749090464244047,1.2051572302359506,-0.3795753892313074,-0.5308176413484281,,0.4298664638570894,
2001-09-30,0.4310048715319145,-0.5801693174648012,0.8453458325148822,-0.5308176413484281,,0.4298664638570894,
2001-10-31,-0.07721833043837414,-0.7850349654602456,1.3638225844729206,-0.5308176413484281,,0.4298664638570894,
2001-11-30,-0.5433323277411732,-0.20741297898538358,1.2189321584248352,-0.5308176413484281,,0.5384035096401577,
2001-12-31,-0.16276011965346804,0.5180032920376065,-0.0634386331391966,-0.5308176413484281,,0.5384035096401577,0.8831753615519752
2002-01-31,-0.7232423198531257,-1.7290356733895256,0.7590154448623174,-0.5308176413484281,,0.5384035096401577,0.7206548851882459
2002-02-28,-0.6236118765796576,-0.7094217520374985,0.14289379096861166,-0.5308176413484281,,0.5159045271237431,0.6717801495322421
2002-03-31,-0.3706561971772524,0.3505561738939714,0.12990865723418324,-0.5308176413484281,,0.5159045271237431,0.666507927734771
2002-04-30,0.42466959479899946,0.24938204179226256,0.926215217339792,-0.5308176413484281,,0.5159045271237431,0.8103038129578987
2002-05-31,-0.8202840557906629,0.3574401870060534,0.10054340878409865,-0.15649104992583374,-0.21670546843890648,-0.6538806217470069,0.699142667584081
2002-06-30,0.5292231701747817,-0.23713942694426632,0.12691223546497316,0.21783554149676063,-0.23832386834648847,-0.6538806217470069,0.590939565818521
2002-07-31,-0.09930246748229275,1.0849858864979716,1.0832928197257945,-0.5308176413484281,,-0.6538806217470069,0.7409477141740873
2002-08-31,-0.34036031065397004,-0.1711229447555122,1.0553706041703264,-0.5308176413484281,,-0.5314610107393002,0.7239512787392116
2002-09-30,1.463566157684505,0.9260403561990684,0.46214730669719245,-0.5308176413484281,,-0.544766824864768,0.8591527787175283
2002-10-31,-0.15916667817614172,-0.21063159490848474,1.5455040092338173,-0.5308176413484281,,-0.544766824864768,0.8596538802101488
2002-11-30,-0.32529594225170727,0.49035941287884854,1.6339937355380787,-0.5308176413484281,,-0.588861053853729,0.8106198690947891
2002-12-31,1.061965061141069,1.0389933020272155,0.20944234340451962,-0.5308176413484281,,-0.588861053853729,0.9893739835658112
2003-01-31,-1.7559094913106623,-0.3678651120188333,1.2150741516845587,-0.5308176413484281,,-0.588861053853729,1.0596267277403917
2003-02-28,1.0587159737890914,1.0605157002614447,1.1386082465578822,-0.5308176413484281,,-0.4990811010435294,0.9968400782755116
2003-03-31,-0.07407097020988843,-0.22142753436756207,1.2594721532317947,-0.5308176413484281,,-0.4990811010435294,0.9398006710056064
2003-04-30,-0.46172468989100357,-0.6739049475358817,1.5857413294251035,-0.5308176413484281,,-0.45539329133333295,0.746793474225331
2003-05-31,0.8141007237532718,-0.589192480205473,2.0298589040576105,-0.5308176413484281,,-0.4344938642006272,0.6111871500506989
2003-06-30,0.2139787630648472,-1.361774331700292,2.0468556997342215,-0.5308176413484281,,-0.4344938642006272,0.6339079120527802
2003-07-31,-1.3600679464019025,-0.13588481151820808,2.1384756044695985,-0.5308176413484281,,-0.4344938642006272,0.6169097102307205
2003-08-31,-0.04492091170892557,-1.2105719468069922,1.7329108416951124,-0.5308176413484281,,-0.5104849930023833,0.5184637538345218
2003-09-30,0.009845859804404018,1.380510443354533,2.2136043895701483,-0.5308176413484281,,-0.5104849930023833,0.4488817474768409
2003-10-31,0.17570757305144505,1.7122822386669787,2.357212607955649,-0.5308176413484281,,-0.25689958042087024,0.47205899782863264
2003-11-30,-0.9737175716895374,-0.36543051227140344,1.6390870480672903,-0.5308176413484281,,-0.27046213205810965,0.4598324830532912
2003-12-31,0.14282348022850708,-1.1543655814403517,1.3254891106204534,-0.5308176413484281,,-0.27046213205810965,0.48271561816159925
2004-01-31,-0.7443693660372601,-1.2909248836923597,2.852974691504183,-0.5308176413484281,,-0.27046213205810965,0.36875145729815834
2004-02-29,0.37792950658193253,1.31756518558084,2.901112167579282,-0.5308176413484281,,-0.1542005482279323,0.42877898885643184
2004-03-31,-0.7347573412698858,-1.2582020150902462,3.0345672049629044,-0.5308176413484281,,-0.1542005482279323,0.5181067925723413
2004-04-30,-0.5196265092025089,1.282498267068523,2.3454903597343932,-0.5308176413484281,,-0.1542005482279323,0.470719526418778
2004-05-31,-0.09263894442529971,-0.9161089157532857,1.4659058031458758,-0.5308176413484281,,-0.3754112390873736,0.336091936471664
2004-06-30,-0.6042479291291628,0.5492430350942262,0.8169445218676081,-0.15649104992583374,-0.22834614531221986,-0.3754112390873736,0.41565494716334594
2004-07-31,-0.30752188762189114,-0.5263359725251922,1.5556756427709182,-0.5308176413484281,,-0.3754112390873736,0.4405953862825131
2004-08-31,-0.4451206084379202,0.007560890235881003,1.46422201884437,-0.5308176413484281,,-0.5377318511549308,0.5880533642944705
2004-09-30,0.5409021279769576,-0.41579548790413595,1.6722760300047321,-0.5308176413484281,,-0.5377318511549308,0.6231850374670072
2004-10-31,0.15356710824970132,-0.028064547270188322,1.807573652032412,-0.5308176413484281,,-0.21738734561967626,0.5771554465940332
2004-11-30,-0.017552416319720255,-0.6176385490278813,1.369903966957298,-0.5308176413484281,,-0.22247165622580956,0.6545628564708024
2004-12-31,-0.35520205292221585,-0.028064547270188322,0.9956074757673028,-0.5308176413484281,,-0.22247165622580956,0.7384449067502725
2005-01-31,0.2999327484280374,0.42840558391979633,0.9906206870660396,-0.5308176413484281,,-0.22247165622580956,0.662321113485044
2005-02-28,0.45517614040297255,-0.6493775497323646,1.8419045039652346,-0.5308176413484281,,-0.953201196066853,0.5053200143193606
2005-03-31,0.541981267192986,1.5564091884964597,0.8254142400786757,-0.5308176413484281,,-0.7896516512835986,0.37812973347188816
2005-04-30,0.007906649158612267,-0.45515434034590646,1.3747683396362145,-0.5308176413484281,,-0.3191400982659858,0.4446089169785521
2005-05-31,-0.4921568800135323,-0.09910809674883113,0.8045894081248951,-0.5308176413484281,,-0.2998355606134543,0.40459635569322006
2005-06-30,0.2092855634827267,0.043117084909090095,0.5764241329092068,-0.5308176413484281,,-0.2998355606134543,0.24121759690304412
2005-07-31,-0.6322744807257729,-0.9982089116739719,0.6402958982333349,-0.5308176413484281,,-0.2998355606134543,0.14691406897097917
2005-08-31,-0.09110358211739657,0.14599890214161204,0.5142314885478991,-0.5308176413484281,,-0.524686090633226,0.03293133158585171
2005-09-30,-0.30835914307319817,-0.23575613378952073,0.9718277674060766,-0.5308176413484281,,-0.524686090633226,0.1553593202372685
2005-10-31,0.0553597914739244,-0.028064547270188322,1.292650006725426,-0.15649104992583374,-0.04316131138987552,-0.5763115677884345,0.18217355569619437
2005-11-30,-0.40050322632842184,-0.7740875978603191,0.905883708375455,0.21783554149676063,-0.2676691244758947,-0.5012711285460215,0.11532380908730039
2005-12-31,-0.7156766979668158,-1.2728517482873865,1.0162872906362843,-0.5308176413484281,,-0.5012711285460215,0.1015373501979172
2006-01-31,-0.1564072826326158,0.8782779306569937,2.10762158026913,-0.5308176413484281,,-0.48808586113659597,0.01851266173535651
2006-02-28,0.453964732707843,0.3107231470521309,1.24814235770267,-0.5308176413484281,,-0.48808586113659597,0.11139714492122971
2006-03-31,-0.2742430310915383,-0.3304558755327462,2.0864361685673662,-0.5308176413484281,,-0.5013521831698028,0.07749113486510817
2006-04-30,-0.017552416319720255,-0.557872138680573,1.68395771371508,-0.5308176413484281,,-0.5013521831698028,0.014117049073724392
2006-05-31,-0.08736484448442602,0.7497081622345074,1.8095092510898771,-0.15649104992583374,-0.4445718672442166,-0.5734488105793097,0.26437376875762186
2006-06-30,0.36036902094964934,-0.028064547270188322,0.6339084264389483,-0.5308176413484281,,-0.5734488105793097,0.2944016888399986
2006-07-31,-0.6619879201826231,0.41688717874023323,0.06040192324477617,-0.5308176413484281,,-0.5926139254235674,0.22301430431547675
2006-08-31,0.09805371663744945,-0.6670324493533986,0.6593250372719168,-0.5308176413484281,,-0.6448856391155527,0.32677963146170014
2006-09-30,-0.40457164587416694,0.2088676600252791,0.7297423523403627,0.21783554149676063,-1.060007837483387,-0.6250884016617843,0.23538834397740446
2006-10-31,-0.1759110059931278,0.3135674467246104,1.346524383801855,-0.5308176413484281,,-0.5787060641573628,0.3545239426752242
2006-11-30,0.396349212580088,-0.19808752663993126,0.8919077154752457,-0.15649104992583374,-0.18827432215846374,-0.574068229292479,0.2452061380980465
2006-12-31,-0.06345764103817216,0.5242136771406432,0.7278066643547753,-0.15649104992583374,-0.26086613149798427,-0.574068229292479,0.22458087867431153
2007-01-31,-0.2900034434584602,-0.9040504660027707,1.292753712742172,-0.5308176413484281,,-0.574068229292479,0.32562758358283733
2007-02-28,0.35103335872982416,0.2776929182271987,1.6024324938962733,-0.5308176413484281,,-0.46793753790426773,0.37221116296307627
2007-03-31,-1.1189966752030058,-1.6824227736372301,1.4359564885791458,-0.5308176413484281,,-0.46793753790426773,0.35590561681888944
2007-04-30,0.43087172897096604,1.3520282284705882,0.8131192130340485,-0.5308176413484281,,-0.39853917060398486,0.3090228974292309
2007-05-31,-0.10691893187632155,-0.8828192094446171,1.1361136917171677,-0.15649104992583374,-0.09715544085291694,-0.9613674952394752,0.24524336405666491
2007-06-30,-0.017552416319720255,0.10391004644599858,0.7113129451447793,-0.15649104992583374,0.1217980241310954,-0.9613674952394752,0.2880158273352883
2007-07-31,0.3911241243883846,0.7124730397126642,0.6880356044066672,-0.15649104992583374,0.6912673276795375,-1.0187399138453095,0.34095243577773343
2007-08-31,0.4920504785078596,0.9393341255362269,0.8412104395791878,-0.5308176413484281,,-1.0243112998466246,0.5654323559722995
2007-09-30,-0.3602794910666138,-0.871911315847211,0.5036358076055024,-0.5308176413484281,,-1.0243112998466246,0.7392621042405065
2007-10-31,0.614850770162085,0.6596903777296788,1.8184500763264348,0.21783554149676063,-0.2901650809684816,-0.8850721148059035,0.7292945469418192
2007-11-30,0.0529112471823475,0.4597768386359961,0.9156340410503641,0.21783554149676063,-0.27306112631764606,-0.9074949768120629,0.7474839907083803
2007-12-31,0.8071937645805157,1.048026043020987,-0.05889120862575134,-0.5308176413484281,,-0.9074949768120629,0.8096808537130433
2008-01-31,0.8610772462251616,1.1951716287986542,0.9407390301034897,-0.5308176413484281,,-0.9074949768120629,0.710668211918059
2008-02-29,-0.4372026789542531,-0.5757656901850849,0.7882783746705805,-0.5308176413484281,,-0.7849463376607067,0.7055364845301587
2008-03-31,-0.017552416319720255,0.6790859053401898,0.19694664138539467,-0.5308176413484281,,-0.627408786337999,0.5552823451221139
2008-04-30,1.2258557692640777,0.9658777216883854,0.7956516221474003,-0.5308176413484281,,-0.8141406282387403,0.4925648223384427
2008-05-31,0.7567757459115495,2.2888146270981204,0.2976467136679944,0.21783554149676063,-0.08052015376714787,-0.8232181670131151,-1.1372115239150493
2008-06-30,0.781344144932013,2.538151647050867,-0.05250864776240466,0.21783554149676063,0.11231604837867468,-0.8232181670131151,-0.3383114079298796
2008-07-31,0.7196710180382418,-1.0840896267466253,0.20076005033717367,-0.5308176413484281,,-0.971787582290851,-0.1823724968753429
2008-08-31,-0.1304628008850645,-0.9343692656474026,-0.41992607052207553,-0.5308176413484281,,-0.971787582290851,-0.25119817470394623
2008-09-30,1.6369826693361387,2.957017732131608,0.6834891362013119,-0.5308176413484281,,-0.971787582290851,0.05076778195873211
2008-10-31,2.38829594799867,-0.3373053775400334,1.2450516619803687,-0.5308176413484281,,-1.0303115091143014,0.12319906433564527
2008-11-30,1.2275637475409802,-1.0167122519574952,0.20938316447296787,-0.5308176413484281,,-1.0006160892959661,0.5975577538138148
2008-12-31,-0.5590366261707311,-1.6310892840754276,-0.19908777760189397,-0.5308176413484281,,-1.0006160892959661,0.5943453386635096
2009-01-31,-0.017552416319720255,0.054326790764098236,0.08671179799157443,-0.5308176413484281,,-1.0006160892959661,0.5717093704868328
2009-02-28,1.5651285741876586,0.1374629092552021,0.5188672114234586,-0.5308176413484281,,-0.9916364575790314,0.5186561171668155
2009-03-31,-0.4071011833222381,1.705566210421781,0.388366319413771,-0.5308176413484281,,-0.9456475120189087,0.3673354230274845
2009-04-30,-2.2743143920752042,-2.4182791884409083,0.8175009566743014,-0.5308176413484281,,-0.6576984825089415,-0.18492200155877409
2009-05-31,-0.5847893170021962,-0.6649854125961452,0.9313874158567745,-0.5308176413484281,,-0.8958922778899708,-0.7000459025877493
2009-06-30,-2.072391633357772,-1.4807494019019536,0.8095864848106046,-0.5308176413484281,,-0.8958922778899708,-0.5647387621462787
2009-07-31,-0.8568529415887832,-1.4253256825485263,-0.11411417288647242,-0.15649104992583374,-0.1391009559501508,-0.8224310815339796,-0.4164932662983089
2009-08-31,-0.2942448971776511,-0.6070835157483409,0.1698521667023301,-0.5308176413484281,,-0.8138106572781881,-0.25201570519926975
2009-09-30,-1.0777215008701158,-1.0140670407074968,0.4340590564641232,-0.5308176413484281,,-0.8138106572781881,0.0882538224067961
2009-10-31,-0.46020315870568,-0.5829577253950791,0.2615080399430039,-0.5308176413484281,,-0.7130626995628653,0.08154715449410119
2009-11-30,-0.9454643516271523,0.6070155063062732,-0.03790315249912542,-0.5308176413484281,,-0.69592975027673,0.07861560637319531
2009-12-31,-0.265866181192224,0.581720120561472,0.3240864245893906,-0.5308176413484281,,-0.69592975027673,-0.06487780290891836
2010-01-31,-0.8808329565964694,-1.2083302266182987,0.013096861820249257,-0.5308176413484281,,-0.69592975027673,-0.23335252786338911
2010-02-28,-0.20794194946203934,-0.20081431027133517,-0.12474116868881077,-0.5308176413484281,,-0.7025644388408662,-0.007381567028028198
2010-03-31,0.07800362071280724,-0.6395794782649659,0.16374625837517204,-0.5308176413484281,,-0.7021372781980143,-0.1120337221039484
2010-04-30,-1.1142790555097846,-0.12970085556687933,-0.1037595881497781,-0.5308176413484281,,-0.7278334048527098,-0.2793356757766098
2010-05-31,-0.5542277077883891,-0.5622187825481157,-0.53710838539531,-0.15649104992583374,-0.9380578892867708,-0.7061193863455607,-0.5015370443218009
2010-06-30,0.2536757606074419,0.34288614086855673,-0.7423741400737259,0.21783554149676063,-0.22747048362885824,-0.7061193863455607,-0.22043666549944546
2010-07-31,-0.040134493232787095,-0.5597952152374172,-1.1994400367011788,0.21783554149676063,-1.176414606216521,-0.8124900191476732,-0.09014003308525734
2010-08-31,-0.9105797918222669,-1.1866112882409643,-0.9146166857905929,-0.5308176413484281,,-0.8071290630935953,0.11350326246535589
2010-09-30,1.0022997070945312,0.6938932436234923,-0.42667607422070064,-0.5308176413484281,,-0.8071290630935953,-0.13923943292812227
2010-10-31,-0.6580712382355856,-0.15886079639962836,-0.5426987028925468,-0.5308176413484281,,-0.6107898281678704,-0.3892141229332359
2010-11-30,0.8035024453565351,-0.06073444000545976,-0.6202174787083803,-0.15649104992583374,-0.22428114703899935,-0.61418832750928,-0.33369160675422505
2010-12-31,-0.6836639443110419,0.07020812649433021,-0.2422250832134313,-0.15649104992583374,0.3381667958556981,-0.61418832750928,-0.5057790030144649
2011-01-31,-0.017552416319720255,0.4363569170299915,-0.016183702368524996,0.21783554149676063,-0.7185650911114524,-0.61418832750928,-0.43881299949334296
2011-02-28,0.3656555227019629,1.0651578335131853,-0.614295231425287,-0.15649104992583374,0.49226718494051336,-0.5098401368298229,-0.5476572498552849
2011-03-31,0.7011856025571024,0.42150896248538555,-0.5139111979605194,-0.5308176413484281,,-0.46528725478674,-0.7178210315703811
2011-04-30,-0.584136929327639,0.04123147875864891,-1.1637894574047387,0.5921621329193549,-0.2640184648696415,-0.4681030365177681,-0.5817157073847864
2011-05-31,0.6096001902005194,-0.20048898115080424,-0.8046462015756948,0.5921621329193549,-0.1697116247651599,-0.5018384247278258,-1.0006256045663733
2011-06-30,1.12363730463436,1.183200327936293,-1.3196202909604964,0.21783554149676063,0.8092174914789746,-0.5018384247278258,-0.8486767727240823
2011-07-31,0.9402079428461775,1.8836759210700231,-1.5043796750115295,-0.5308176413484281,,-0.6466593354131663,-0.8422268877582598
2011-08-31,0.549426444148634,1.5761458587190844,0.2866127484551148,-0.5308176413484281,,-0.6324118765469731,-1.1342474427765363
2011-09-30,0.7253479432440415,-0.3768545449486951,-0.8280924206391317,-0.5308176413484281,,-0.6324118765469731,-1.8109705472034785
2011-10-31,0.22352326647033044,-0.44945832061607904,-0.8974232166424333,-0.5308176413484281,,-0.7481998218116906,-2.26510608830684
2011-11-30,0.6139823300659397,-0.36962573670665366,-1.0431365920198326,-0.5308176413484281,,-0.7546747986379352,-1.939051943740417
2011-12-31,0.12049043323111067,-0.5148726728644153,-1.5658071213067333,-0.5308176413484281,,-0.7546747986379352,-2.3268653016764196
2012-01-31,-0.1548425785774733,0.12233771045565338,-0.8665338354211012,-0.5308176413484281,,-0.7546747986379352,-2.0695400589775983
2012-02-29,-2.1304768155984797,-0.8370052045365938,-0.7239422686370036,-0.5308176413484281,,-0.6428137225998445,-2.0486801295841315
2012-03-31,0.1342808445329711,-0.5357093953765235,-0.9490896212438813,-0.5308176413484281,,-0.6925655597088141,-1.9142108798815125
2012-04-30,-0.14344749511007984,0.008231735937181699,-1.0329224425789678,-0.5308176413484281,,-0.7305604794266792,-1.9287269240120903
2012-05-31,0.7344470244465887,0.00826774415465247,-1.2736092336479503,-0.5308176413484281,,-0.7305604794266792,-2.0476676689987983
2012-06-30,0.191619054152318,-0.13673798868336823,-1.5724102794147214,-0.15649104992583374,-0.06981121265661855,-0.7305604794266792,-2.0070692389565448
2012-07-31,0.11386207093535108,-0.31558525193156706,-1.7764678851496585,-0.15649104992583374,-0.388544031806866,-0.8825584571650181,-2.0510657321764905
2012-08-31,0.19448140059035532,0.5932829036840344,-1.7486099878710462,-0.5308176413484281,,-0.898817518118527,-2.1116268522839414
2012-09-30,1.2929832875887817,0.19255563198428824,-1.5898999331687627,-0.5308176413484281,,-0.898817518118527,-1.8203517178825295
2012-10-31,1.027943047683264,0.7607374474796577,-1.1246126346156584,-0.5308176413484281,,-0.8622227553646316,-1.8235638991728382
2012-11-30,0.01152265961339196,1.295187622455914,-1.4326115278912281,-0.5308176413484281,,-0.8687162867191011,-1.5900963302856044
2012-12-31,-0.668978020859265,-1.8758420324489407,-1.441390821699713,-0.5308176413484281,,-0.8687162867191011,-1.487433867301719
2013-01-31,-1.1534478640522847,-0.4301128978876274,-0.24643886342179397,-0.15649104992583374,0.9151556445413115,-0.8687162867191011,-1.689568618571392
2013-02-28,-0.5988098629908457,-0.3540848715097318,0.0713945443064625,-0.5308176413484281,,-0.6989296916664176,-1.5900855875596454
2013-03-31,0.46717729880893644,-0.06425323280007561,-0.5189490398546235,-0.5308176413484281,,-0.6967874877185665,-1.6671794862375067
2013-04-30,-0.257606591979303,0.448510374482722,-0.5338202482269189,-0.5308176413484281,,-0.8707473586384183,-1.8497271252750778
2013-05-31,-0.48867745129403606,-0.17411818538082324,-0.7811525457299835,-0.5308176413484281,,-0.8739783685307433,-1.3592192618022712
2013-06-30,-0.4294790544885834,-1.057197825304148,-1.005626415516735,-0.5308176413484281,,-0.8739783685307433,-1.7274575161543178
2013-07-31,-0.24714830469119542,0.18610474954995046,-0.840113676303043,-0.5308176413484281,,-0.8787164817571248,-1.615047917972529
2013-08-31,0.24016524752953072,0.5889722672552045,-0.47009639062963987,-0.5308176413484281,,-0.8824955582539055,-1.4947678783883624
2013-09-30,-0.017552416319720255,-1.1197101650043482,0.6929339834742999,-0.5308176413484281,,-0.8824955582539055,-1.4961801883713932
2013-10-31,-0.9840697534898,-0.9213072242517182,0.01847773212770557,-0.5308176413484281,,-0.7845423176128165,-1.3955181154750178
2013-11-30,0.25803880093280573,0.17923516833118058,-0.10393836018107666,-0.15649104992583374,-0.1940098091261572,-0.7834643835554035,-1.346184714801455
2013-12-31,-0.5088502847699035,0.25043697178869373,-0.6681063138553062,-0.5308176413484281,,-0.7834643835554035,-1.1740480387915415
2014-01-31,0.4579955950156356,0.3945079499172248,0.36646664342404983,-0.15649104992583374,1.8410459301716768,-0.7834643835554035,-1.210358435156961
2014-02-28,-0.36314675025403986,0.2558342880495233,-0.4873416550771512,-0.15649104992583374,-0.05675662334044576,-0.629949704126166,-1.2836042222262418
2014-03-31,-0.14037688343226606,-0.27480241858269877,-0.3811848249878666,-0.5308176413484281,,-0.7102325845449101,-1.4337871897649959
2014-04-30,0.2054900461041443,-0.44621430661834066,-1.235989621339144,-0.15649104992583374,-1.0578318315895556,-0.7708067243265848,-1.5167993027992277
2014-05-31,-0.33565465621761775,-0.028064547270188322,-1.0645872550382927,-0.5308176413484281,,-0.7707387412151174,-1.3558122780594286
2014-06-30,0.13012509545782544,-0.028064547270188322,-1.3703510971440802,0.21783554149676063,-0.2740336139428183,-0.7707387412151174,-1.2557988161188474
2014-07-31,-0.2854142860864421,0.7913205153694831,-1.3929938095791772,-0.5308176413484281,,-0.8659188007251354,-1.1036403980586469
2014-08-31,0.6575552554458632,-1.100124455148875,0.37213884979101897,-0.5308176413484281,,-0.8685892479782497,-1.227072777603713
2014-09-30,-0.09234157203676378,1.334983533765303,0.5145981843449664,-0.15649104992583374,-0.3727840117636312,-0.8685892479782497,-1.153997330015744
2014-10-31,0.15817351618925612,0.4442552412527822,-0.02466018828295509,0.21783554149676063,-0.2348077535299461,-0.6349445363024576,-0.8617758485969466
2014-11-30,-0.14244832781809133,-0.6002981372114875,-1.3983824617877385,0.21783554149676063,0.12592432945828994,-0.6677114430264073,-0.6823592436054705
2014-12-31,-0.0674118534644151,0.07954451175892883,-1.0019381805631884,-0.15649104992583374,-0.04363508741239583,-0.6677114430264073,-0.6722486933196181
2015-01-31,0.0074020096050244465,0.18842579611646623,-0.17506372563273426,-0.5308176413484281,,-0.6677114430264073,-0.7103544012667082
2015-02-28,-0.24015668137143192,-0.31446102630239037,-0.2309125008675957,0.5921621329193549,-0.10051607929257601,-0.49607508086683205,-0.7279475414505503
2015-03-31,0.6423814644361934,0.48008341763307616,-0.17424095824227012,0.5921621329193549,0.002380687248215165,-0.4959124325619002,-0.6786229567488913
2015-04-30,-1.1101808725523488,-0.3161506810459395,-0.4027861756630319,0.21783554149676063,0.42731959889337584,-0.6597502955249229,-0.7633544817514377
2015-05-31,0.17820280823283147,0.04409890052536807,-0.47382279021814505,0.21783554149676063,-0.06336479847460474,-0.6609215189843374,-0.917613465207789
2015-06-30,-0.2117974752055185,0.044241375249539416,-0.2907439509353836,1.3408153157645437,-0.2218469388935931,-0.6609215189843374,-1.0042946488999551
2015-07-31,-0.4236655737079766,-0.7023242811545057,-0.42838393447623935,-0.5308176413484281,,-0.6721486096329425,-1.064197609990235
2015-08-31,-0.017552416319720255,0.9932926172465448,-0.06786344495238193,-0.5308176413484281,,-0.6738908253269928,-1.0769672635412393
2015-09-30,0.10246195812294909,0.22906749715678912,-0.3264270085890833,-0.5308176413484281,,-0.6738908253269928,-1.4408023729879906
2015-10-31,0.2984004841194074,0.9138837489294717,-0.313874148477633,0.9664887243419493,0.25006846121104204,-0.7044140636371403,-1.6384226026575195
2015-11-30,-0.5177977625065803,-1.1953298781464543,0.43088506406965715,1.3408153157645437,-0.33193241181725874,-0.712567815961878,-1.5429851354839408
2015-12-31,-0.6447050228399622,0.2660956917357816,0.20702452293961301,1.3408153157645437,0.3124257344224538,-0.712567815961878,-1.539511993629923
2016-01-31,0.7977680939416566,-0.17455634629515998,0.46830269144964937,-0.15649104992583374,-0.4624530913199666,-0.712567815961878,-1.39398559412715
2016-02-29,-0.20794194946203934,-0.6402475815436682,0.32651864122750196,0.9664887243419493,-0.2739581598287742,-0.31006155064507185,-1.2222270812010634
2016-03-31,0.6920602726832732,0.4461369933982941,0.00808233508736877,1.3408153157645437,0.12641119106686058,-0.30860445971510725,-1.517313345252907
2016-04-30,-0.16351772506216206,0.008448862257473159,-0.006204290324366529,0.5921621329193549,8.378466608794085,-0.39048973635720907,-0.23594338115828525
2016-05-31,-0.0661136810411717,-0.7089217345193213,-0.10108996397598065,1.3408153157645437,-0.011922315071060823,-0.5736036882524067,-0.4474861920350363
2016-06-30,0.17820280823283147,0.6656902337553543,-0.2501586462775661,2.838121681454921,-0.25327849341464853,-0.5736036882524067,-0.0805505128222106
2016-07-31,0.13012509545782544,0.2663913301669397,-0.5724244812167185,0.9664887243419493,-0.5824381205501108,-0.6979303766210543,-0.2931115715119382
2016-08-31,-0.16436883473413466,-1.3752785750893826,-0.09217280553837671,-0.15649104992583374,-0.1737458275969168,-0.7220129383071434,-1.1532861850060383
2016-09-30,-0.4740422058267465,-0.4832254907034177,0.35638653876432497,-0.15649104992583374,0.3690238282024179,-0.7220129383071434,-1.1088460937218323
2016-10-31,-0.5582782449244362,0.14783818931118622,0.3124260649280791,0.21783554149676063,-0.09290779375446276,-0.6019186238612579,-2.034664961541132
2016-11-30,-0.8803140022590659,0.21986644721114343,0.18985332279230724,1.715141907187138,0.8063092009132266,-0.6260618924149266,-2.0954360458208527
2016-12-31,0.11941412452201478,-0.2393507958638949,-0.6428632293306668,3.5867748643001094,-0.25802185195588073,-0.6260618924149266,-2.304908382993447
2017-01-31,0.12016325783563798,-0.1334038083140273,-0.689597161126583,-0.15649104992583374,0.7973604231078886,-0.6260618924149266,-2.0587291216857393
2017-02-28,0.12092063092907303,-0.13310168806246808,-0.38578821571160865,0.5921621329193549,-0.5005680290157326,-0.10144384697510353,-1.8304501751388507
2017-03-31,-0.314044449702814,-0.09795567275919839,-0.37545966078191545,2.0894684986097323,-0.3489879896443,-0.1218414825997593,-1.7057637936806551
2017-04-30,-0.2211563173283846,-1.0802530944838449,-0.6020491406929133,2.838121681454921,-0.437365419212918,-0.4187911425427219,-0.30806223167080365
2017-05-31,-0.06271657014585896,0.8050641675637709,-0.6812314973400821,4.335428047145299,-0.1265578365803603,-0.4524717818164,-0.18822199258677288
2017-06-30,0.050376583027590904,0.21655439194135423,-0.6046418380684009,3.212448272877515,0.10595018484920263,-0.4524717818164,0.10850131600408484
2017-07-31,0.2802885344127027,0.1475008878028864,-0.9040679497137274,1.3408153157645437,-0.4165483220062264,-0.4195585500129507,0.18253703218538733
2017-08-31,-0.22207510749539042,0.007082237524664925,0.11748818618160221,-0.5308176413484281,,-0.44594203807959687,0.2927821652368501
2017-09-30,-0.10812441544947601,-0.683894938758037,0.7194432489319507,0.5921621329193549,1.2677773869488878,-0.44594203807959687,0.20561808759549913
2017-10-31,-0.24196432147187633,-0.43764087259629947,-0.40675891582597073,2.0894684986097323,0.8442709611407134,-0.3376000413109823,0.2858400724445503
2017-11-30,0.3236266589929045,0.14339121001558922,-0.7528655300596638,0.9664887243419493,-0.4204484189896361,-0.3320383183376923,0.15859636579958378
2017-12-31,-0.15328835032549815,0.006258742098356863,-0.9632505561328473,3.212448272877515,-0.23564982794476766,-0.3320383183376923,0.10790705664685327
2018-01-31,0.233780771828,0.42364166414456594,-0.6380597905174126,0.5921621329193549,-0.22311092026337528,-0.26112010546885617,-0.03559926961215758
2018-02-28,0.02822761233132165,0.5723116782419899,0.07504294223229611,0.9664887243419493,-0.7669173559253238,0.17166838659559489,0.12703565106273143
2018-03-31,0.005358426044306468,-0.16878673653528428,-0.7043558063881288,0.5921621329193549,5.252254665669191,0.15606079834195036,-0.000502797012530997
2018-04-30,-0.10886344354753859,0.14868714074256245,-0.7951119527609924,0.5921621329193549,-0.4186462425537241,-0.13829542965738414,0.032831396964786694
2018-05-31,0.30614475596035895,0.36496223060168426,-0.4821219629233048,1.3408153157645437,-0.3314562865239812,-0.16581395078912944,-0.13696088618933008
2018-06-30,0.005590061399095252,-0.1704278116287598,-1.3707347438884372,2.4637950900323267,-0.0898096544102848,-0.16581395078912944,-0.06905195300546542
2018-07-31,-0.4943417138125164,-0.6920302394158095,-1.409765588905708,-0.5308176413484281,,-0.37523611835673404,0.015205861132973033
2018-08-31,0.46843961577541543,-0.4084729016787562,-1.4155940422788538,-0.15649104992583374,-0.6915711758105795,-0.37523611835673404,-0.03612868100331723
2018-09-30,0.3582537890246377,1.3722247081155716,-1.2075494130794493,-0.5308176413484281,,-0.37523611835673404,-0.0956479901473362
2018-10-31,0.12416812265629742,0.15234407221869536,-0.6176335358394297,-0.15649104992583374,-1.3715345233311071,-0.16115788527092,-0.1554326313481617
2018-11-30,-0.3439470650354683,0.8210562636104423,-1.069748143915469,0.21783554149676063,-0.18893495851594233,-0.19037591768472287,-0.07220610161551763
2018-12-31,0.9508712666830467,0.4582463279403848,-1.4252600453343995,0.5921621329193549,-0.2836721046330663,-0.19037591768472287,-0.2570063135548917
2019-01-31,-0.041739751341880474,-0.13994728583304816,-0.9259036024940329,-0.5308176413484281,,-0.19037591768472287,-0.24452710104772268
2019-02-28,0.3256863574027742,-0.7948461473510428,-0.6836714283728652,-0.5308176413484281,,0.019190135922606915,-0.2402571705543842
2019-03-31,-0.4038076916113285,-0.3537627170391483,-0.5932760233894563,0.21783554149676063,-0.12062369107187537,0.001092203896933774,-0.2625504407164387
2019-04-30,0.8825911460343887,0.8995684252790213,-0.9381930241664853,0.5921621329193549,0.7697877604019353,0.1603049279085657,-0.03245698365712123
2019-05-31,0.3631786687317683,-0.13904318289516573,-0.7371971330651181,0.5921621329193549,-0.14418910211694802,0.1276550698229854,-0.09237547295547009
2019-06-30,0.316796107536184,-1.1052101283361544,-1.2154604302244478,0.5921621329193549,0.10763287641206867,0.1276550698229854,0.03570996588363155
2019-07-31,0.24229294754067168,1.1581038658874792,-0.8230975641295137,-0.5308176413484281,,0.1484213615310427,-0.13528250213566634
2019-08-31,0.5402105909793433,0.9617449056012372,-0.9828904873655684,-0.15649104992583374,-0.34419859609900544,0.1484213615310427,-0.11796918619526725
2019-09-30,-0.28038139082986546,-0.7007309713644456,-1.0257974854336898,-0.15649104992583374,0.3566137249259643,0.1484213615310427,0.07544982852910762
2019-10-31,-0.09615496291099503,-0.10265303964542823,0.02451258101634392,-0.5308176413484281,,0.3343370032752348,0.10840637397434678
2019-11-30,-0.017552416319720255,-0.10250143701864764,-0.6256333272802932,-0.15649104992583374,0.7429684745484638,0.32392332338359514,0.17131026907760594
2019-12-31,-0.6808294271706555,0.12141688030631247,-0.9400843716437501,0.21783554149676063,-0.5629853770333868,0.32392332338359514,0.10484820144641739
2020-01-31,-0.24507364304928192,-1.2560530006353372,0.7254805392754017,-0.15649104992583374,0.48543059693555146,0.32392332338359514,0.09908712500562149
2020-02-29,1.313262370047715,1.911468617390655,0.7170460873508846,0.21783554149676063,-0.7873002053935708,0.7711548213219512,-1.1651136976824192
2020-03-31,12.373382783236176,4.694707402538392,0.8942857170124606,0.21783554149676063,-0.7109197263497813,0.7870411752334348,-1.214710871463832
2020-04-30,-1.3348402362487441,-0.5361285901313582,0.27046726161266965,-0.15649104992583374,0.9856101571904615,0.25857703565256135,-1.391276843840608
2020-05-31,-3.57299751694605,-1.8390895352162684,0.00788602673330828,-0.5308176413484281,,0.2530002295574733,-0.9824376961660892
2020-06-30,-2.5208996477580823,-0.5829577253950827,0.9403663762409195,0.5921621329193549,0.0886194892740283,0.2530002295574733,-0.9301160268754383
2020-07-31,-1.0503945261297631,-0.22517407233069894,0.08344705569656491,-0.5308176413484281,,0.4923899511564492,-1.1231114114824357
2020-08-31,-1.661363807779334,-1.0623947182101001,0.03976047389800637,-0.5308176413484281,,0.4923899511564492,0.9929761247302512
2020-09-30,-0.35224280983192086,-0.6679310897739211,-0.16260501723359563,-0.5308176413484281,,0.4923899511564492,0.7106495760772732
2020-10-31,-0.49739323818869274,0.4292459595715577,-0.32073475284678266,0.5921621329193549,-0.6323840481750301,0.8882783053091212,0.7185409858159018
2020-11-30,0.007727719983564095,-0.7747098022394584,0.9283827611016894,1.3408153157645437,-0.32016052742310797,0.8972977311870501,0.6767759869634188
2020-12-31,-1.3351983408620178,-0.6879375158511447,-0.1427498657699473,0.21783554149676063,0.3351180471507825,0.8972977311870501,0.7436684333348359
2021-01-31,-0.5796885820813275,-0.7115970083395472,-0.2737929090834782,-0.15649104992583374,0.25446478595711136,0.8972977311870501,0.6840224036999192
2021-02-28,-0.06431010574975231,-0.3490056843745547,0.8441482522939934,1.3408153157645437,0.4721827542290689,1.405592251130971,0.720632736224605
2021-03-31,-1.2197335400472897,-1.000048047909808,0.6637968579270794,2.4637950900323267,-0.037785021841838594,1.4180054581571757,1.1143260804097197
2021-04-30,-0.8776383516936538,-1.4622966415492813,0.6729971542504868,2.0894684986097323,-0.15488661148579583,1.2654866155401407,1.4014143394441188
2021-05-31,-0.08189402387867879,0.6860319660827328,-0.5065999945971034,2.838121681454921,0.6999316059169968,1.2666582048151263,1.492387064533822
2021-06-30,-0.7666801578821885,-0.09594767934848626,-0.8265269345514601,7.330040778526053,-0.2959900364723937,1.2666582048151263,1.5093994550483192
2021-07-31,-0.05910194727363556,-0.39765394847997354,-0.6558330433097438,1.3408153157645437,-0.3915145536298811,1.192963507931394,1.6108562608463937
2021-08-31,0.21306304857519193,-0.06163278719341417,-0.7234928534067627,-0.15649104992583374,-0.2776804425372147,1.192963507931394,1.6227921263838991
2021-09-30,-0.5108555821921477,0.6907036255158852,-0.9784256797776769,1.715141907187138,-0.06999106543203433,1.192963507931394,1.606348172154628
2021-10-31,0.3156686358962807,1.1009666590879739,-0.8324429586136305,4.335428047145299,-0.08861396391788844,1.244298515721288,1.5925584778784598
2021-11-30,0.02416923365222702,0.14920045639023274,-0.6621975748701459,2.838121681454921,-0.09153576826757455,1.3209556052746927,1.27873187632399
2021-12-31,1.230450973428191,2.5932876655729222,-0.9381886750107081,5.0840812299904865,-0.16412677401914771,1.3209556052746927,1.6407695845096535
2022-01-31,-0.4055851934132921,0.23981491803148156,-1.0371880670614082,-0.15649104992583374,-0.24072591278066427,1.3209556052746927,1.1969443951956227
2022-02-28,0.9914019105843169,4.102663506631629,-0.7833017020230321,0.5921621329193549,-0.41135614822564237,1.6280740083555458,1.1606293933434184
2022-03-31,0.43900271981938643,0.5340350357654171,-0.7350781389639891,0.9664887243419493,-0.15631519292826235,2.336144616079047,1.1082847011747543
2022-04-30,0.051117626656836314,2.0751260754354,-1.7796736173909928,0.5921621329193549,-0.26545636313394844,1.621788286706432,1.0343869607317364
2022-05-31,1.2065942029955021,1.6953683824353545,-1.1988414895680592,1.715141907187138,-0.32863476202522335,1.623807079954735,1.3286131981096283
2022-06-30,0.6729592792983164,3.544906160655943,-1.3924344236468742,0.21783554149676063,0.03212077518699001,1.623807079954735,1.3072832160478705
2022-07-31,0.614450991262406,-0.34063595344011005,-0.9828750386557132,-0.15649104992583374,-1.4807556890560227,1.3699319222799353,1.2250787821548972
2022-08-31,1.7403810146949648,2.897270917130166,-1.1720661200565505,-0.5308176413484281,,1.3699319222799353,1.208596543455715
2022-09-30,1.3511823021258613,1.2528653329163628,-1.4184814820566125,-0.15649104992583374,-0.5548394157113429,1.3699319222799353,1.224349828518111
2022-10-31,-0.4105359398570738,-2.0626728670614556,-1.3496097432604524,-0.5308176413484281,,1.437156657711792,1.0044398640002499
2022-11-30,0.3527272271813354,0.5302121258432638,-0.021678538967473494,-0.5308176413484281,,1.4457376555133314,0.8987010077191226
2022-12-31,0.5057989504762317,0.6543506655790546,-1.6071787981013954,-0.15649104992583374,0.027964313990920787,1.4457376555133314,0.9999093119819504
2023-01-31,-0.668978020859265,-1.81323048812102,-1.4584284862847188,-0.5308176413484281,,1.4457376555133314,1.0088542239737044
2023-02-28,0.18228104207767498,-0.925168503835213,-1.2956470212062683,-0.5308176413484281,,1.774482509345612,1.1457969587205183
2023-03-31,0.5666474852596751,-0.4969216565250691,-1.0465601340159878,-0.5308176413484281,,1.9508177936830557,1.2362525902837607
2023-04-30,-0.8916279913479699,-1.8121324650303334,-1.4478600909964465,-0.5308176413484281,,1.6635957011575693,0.9922096125416268
2023-05-31,0.010675179821609515,-0.5170224879409865,-0.9348965773180874,-0.5308176413484281,,1.6692957629180425,1.155976403249306
2023-06-30,0.442338282457849,0.41734970652195297,-1.1686243082623173,-0.5308176413484281,,1.6692957629180425,1.2578262482796043
2023-07-31,0.24382144968102268,0.5756104487118348,-1.0761540796391578,-0.5308176413484281,,1.3127852101674857,1.2664212837012976
2023-08-31,0.01152265961339196,0.7949230877015534,-1.1999746952072294,-0.5308176413484281,,1.3361713500219106,1.0724862171883818
2023-09-30,0.2468713197627131,-0.6350747642244902,-1.2081915032405826,-0.5308176413484281,,1.3361713500219106,1.1551462099539251
2023-10-31,-0.2792280997176924,-0.8682671732568619,0.5368214100786978,-0.15649104992583374,-0.24914333344743436,1.5001854861547292,1.1826045720015113
2023-11-30,0.2468713197627131,-1.4073704471806372,-0.9902776023286933,-0.5308176413484281,,1.5407501033638213,1.2741994213844392
2023-12-31,-1.536023761378883,-2.2191811993531005,-0.5419917350209104,-0.5308176413484281,,1.5407501033638213,1.2365496970700312
2024-01-31,-0.4783094323447167,-0.8156548646087447,-1.032355760588548,-0.5308176413484281,,1.5407501033638213,1.2195490129147166
2024-02-29,-0.23252800443559493,-2.247637259769755,0.4590895807166496,-0.5308176413484281,,2.081693470963583,1.2989436335483235
2024-03-31,-0.2834343145042154,-0.554722010578994,0.47363810897684916,-0.15649104992583374,0.46141015259379364,2.083546512216572,1.2011462680978062
2024-04-30,-0.2023041042720316,-1.0136121725727414,-0.4739993000584726,-0.5308176413484281,,1.7025964059041536,1.3601691970224088
2024-05-31,-0.45837967469996665,-0.8376244892502898,-0.07010410546184315,-0.15649104992583374,-0.15552519139750656,1.7046769563346091,1.2846596221431128
2024-06-30,0.40429496810870763,-0.33389293771897793,-0.3745011898310262,0.5921621329193549,-0.5112041639631023,1.7046769563346091,1.0907964698264574
2024-07-31,-0.12257437985703937,-0.5183821032240038,-0.36633438330557344,-0.5308176413484281,,1.7830376053746797,1.048601075159492
2024-08-31,0.2746091589321701,-1.018865793180569,-0.7305762709481781,-0.5308176413484281,,1.772347903224642,1.0650552240229592
2024-09-30,0.5250987853628634,-0.28314976945297354,-0.9372046651469117,-0.5308176413484281,,1.772347903224642,1.0374785159561402
2024-10-31,-0.9829654557483845,-0.17324968009969402,0.4834628766920202,-0.15649104992583374,-0.2776804425372147,1.534885477709283,0.9901959084589212
2024-11-30,0.16642786583737962,1.2102114178486856,-0.7895005494509205,-0.5308176413484281,,2.1670899712530454,1.0805735561449872
2024-12-31,-0.2518969269946397,0.122647180121752,-1.1720372825328749,0.5921621329193549,0.09064896604635704,2.1670899712530454,1.018277265775571
2025-01-31,-0.2752700801689712,0.9784858688633404,-0.10620980449753527,-0.5308176413484281,,2.1670899712530454,1.1213466550904443
2025-02-28,0.8350703395091685,1.7584208066928715,-0.08013899046233182,-0.15649104992583374,-0.06227443356153252,2.862643430401724,1.0044357425918249
2025-03-31,0.27898845449268583,3.4873826346777954,-0.05553345859962273,0.21783554149676063,-0.04747119925433461,2.8704939542149046,0.9707518087179826
2025-04-30,-0.5969858333464739,-1.2746203488324506,0.09794544848800954,-0.5308176413484281,,2.4295776699150897,0.9404384282864439
2025-05-31,0.2217412920463229,-0.5784672603697875,-0.041736842927127614,-0.5308176413484281,,2.425713575807921,0.8060827043765324
2025-06-30,-0.17607717450275218,-1.7239453518591679,0.9101205743508747,0.21783554149676063,-0.018034666422467833,2.425713575807921,0.8726489628695411
2025-07-31,-0.4333049984963473,-0.3085466570007107,1.1601412428195408,-0.5308176413484281,,2.179925818234993,1.1316730294232522
2025-08-31,-0.09526542791870715,-0.6193931224517165,0.13525725800840246,-0.5308176413484281,,2.1777370300458254,1.138458117599022
2025-09-30,-0.45035652945139076,-1.3577359595819083,-1.0510167799105794,0.21783554149676063,0.0865034599766821,2.1777370300458254,1.1946902160125819
2025-10-31,-0.1693856771724116,0.16287888211585658,-1.1834100617782206,0.21783554149676063,-0.1613660601284722,3.227550357592502,1.3562296846408344
2025-11-30,-0.5379848286420709,0.010164001535910376,-0.9653480022148077,-0.5308176413484281,,3.2290701761785536,1.3328945750313153
2025-12-31,-0.09168102012170071,0.28033924015079925,-2.381370393081297,0.21783554149676063,-0.1211882741653783,3.2290701761785536,1.4087907045920935
